initiative_name,parent_statement,sector,num_sub_actions,coverage_score,coverage_assessment,coherence_score,coherence_assessment,aggregate_measurability,has_implementation_pathway,inherited_binding_mechanism,inherited_spatial_scope,weak_signals,strong_signals,initiative_result,confidence_score,initiative_reasoning,final_verdict,sub_assessments,subs_strong,subs_moderate,subs_weak
Chapter 5: Promotion of counteractions against global warming (Mitigation) — 3. Direction of measures for achieving the reduction target,"Organize Hiroshima’s mitigation approach around four pillars (values, innovative technology, low-carbon city development, and a low-carbon city network) with phased focus before and after FY2020 toward FY2050.",Economy-wide,0,0.25,"The parent statement outlines a governance/structuring approach (four pillars and phased focus) but does not specify what mitigation measures will be implemented or which emitting sources are targeted. With no sub-actions provided, the initiative does not substantively cover an economy-wide mitigation goal beyond high-level direction-setting.",0.6,"The four-pillar framing and phased shift (pre-FY2020 to post-FY2020 toward FY2050) is internally consistent and not contradictory. However, without any sub-actions, it remains a conceptual structure rather than an actionable, logically sequenced program.",No,No,No,No,"no sub-actions provided, direction-setting only, no quantifiable outcomes, no concrete measures/deliverables","explicit phase/timeline anchors (FY2020, FY2050), four-pillar structure",WEAK,0.5,"1) The initiative aims to organize Hiroshima’s mitigation efforts into four pillars and shift emphasis across phases (until FY2020, then toward FY2050). 2) Strong/moderate/weak sub-actions: 0 strong, 0 moderate, 0 weak (no sub-actions exist in the provided text). 3) The parent provides timeline context (FY2020/FY2050) but does not provide a binding mechanism (ordinance/mandate) or spatial scope statement to strengthen downstream actions; moreover there are no downstream sub-actions to inherit anything. 4) Coverage is low (0.25) because the text is strategic framing without specifying actual mitigation interventions or target sectors; coherence is moderate (0.6) because the pillar-and-phase logic is consistent. 5) Applying the initiative soundness rule: aggregate_measurability is 'No' (no measurable outcomes), and there is no strong sub-action (none exist), so the initiative cannot be SOUND or PARTIAL; it is WEAK.",False,[],0,0,0
Chapter 5: Promotion of counteractions against global warming (Mitigation) — 5. Concrete measures for achieving the reduction target — Household,Implement mitigation measures in the household sector and manage progress using KPIs.,Buildings,0,0.2,"The parent states that household mitigation measures will be promoted and progress will be managed with KPIs, but no specific measures or sub-actions are provided in the verbatim text. As a result, the initiative does not operationalize the stated goal beyond general intent.",0.4,Only a single parent-level statement is provided; there are no sub-actions to assess complementarity or sequencing. The internal logic (promote measures and manage via KPIs) is conceptually consistent but not elaborated into an action plan.,No,No,No,No,"promoted as follows (but no measures listed), KPI mentioned without any KPI values/targets, no deadlines/years, no sub-actions provided",KPI (Key Performance Indicator) framework mentioned for managing achievement status,WEAK,0.6,"1) The initiative aims to promote household-sector mitigation measures and manage achievement of GHG reduction targets by setting KPIs. 2) Sub-actions: 0 total (strong/moderate/weak: 0/0/0), so there are no concrete interventions to evaluate. 3) The parent does not provide a binding mechanism (e.g., ordinance/mandate) or a defined spatial scope (e.g., citywide/jurisdiction), so there is no inherited enforceability or coverage lift. 4) Coverage is low because the text does not specify any measures, programs, or requirements in the household/buildings context; coherence is limited because there is no action structure to assess (only a general intention). 5) Applying the initiative soundness rule: it fails aggregate measurability ('No') and has no strong sub-actions (none exist), so it cannot qualify as SOUND or PARTIAL; result is WEAK, therefore final_verdict is False.",False,[],0,0,0
Chapter 5: Promotion of counteractions against global warming (Mitigation) — 5. Concrete measures — Business activities,Implement mitigation measures in the business activities sector with KPIs (including energy management and CFC device management; ZEB and Top Runner devices; lower-carbon business practices).,Industry,0,0.45,"The parent aims to implement mitigation measures in business activities with KPIs, but the provided text only lists general themes (energy management, ZEB/efficient devices, business style shift). With no sub-actions and no KPI details, the initiative only partially addresses the stated goal and leaves major gaps in specificity and delivery.",0.6,"The three elements (energy management, ZEB/efficient devices, and lower-carbon business practices) are broadly complementary and not contradictory. However, the lack of defined sub-actions, sequencing, or responsibility assignments prevents this from forming a coherent action plan beyond thematic alignment.",No,No,No,No,"no sub-actions provided, promote/shift/take measures language, no explicit KPIs despite parent claim, no numeric targets, no deadlines/years, no named instruments (ordinance/regulation/program)",None,WEAK,0.55,"1) Aim: promote business-sector mitigation via energy management/savings, CFC device management, ZEB and efficient devices, and a shift to environmentally-friendly business practices.
2) Sub-action strength count: 0 strong / 0 moderate / 0 weak (no sub-actions are defined in the input; only a short parent header is present).
3) Parent context: the parent mentions KPIs in the summary, but the verbatim parent text contains no actual KPIs, deadlines, enforceable mechanism, or scope that could be inherited.
4) Coverage/coherence: coverage is partial because themes align with mitigation but lack concrete deliverables; coherence is moderate because the themes are compatible but not organized into an execution plan.
5) Soundness rule: fails SOUND due to aggregate_measurability='No' and no strong sub-actions; fails PARTIAL because there is no measurable target or deadline anywhere in the provided cluster text. Therefore the initiative is WEAK.",False,[],0,0,0
Chapter 5: Promotion of counteractions against global warming (Mitigation) — 5. Concrete measures — Transport,"Implement mitigation measures in the transport sector (eco-driving/public transport, next-generation vehicles, and low-carbon transport system improvements) with KPIs.",Transport,0,0.3,"The parent statement calls for mitigation measures in transport with KPIs, but the provided verbatim only includes broad promotion/enhancement intentions and provides no specific KPIs, targets, or defined deliverables. With no sub-actions, the initiative does not translate the goal into an implementable set of measures.",0.6,"The elements mentioned (eco-driving/public transport, next-generation vehicles, and active/public transport networks) are thematically consistent. However, without any sub-actions, sequencing, or defined interventions, the initiative remains a set of aligned aspirations rather than a coherent action plan.",No,No,No,No,"Promote, etc., enhance, preparing, no KPIs/targets, no timelines, no sub-actions provided",None,WEAK,0.5,"1) The initiative aims to reduce transport-sector emissions by promoting eco-driving and public transport, encouraging next-generation vehicles (e.g., EVs/clean diesel), and improving low-carbon mobility systems (public transport plus bicycle/pedestrian networks). 2) Sub-action strength count: 0 strong / 0 moderate / 0 weak (no sub-actions were provided in the cluster). 3) The parent does not supply a binding mechanism (e.g., ordinance/regulation) or a defined spatial scope (e.g., citywide, municipal fleet), so there is no inherited enforceability or clear jurisdictional boundary to lift otherwise vague items. 4) Coverage is low because the parent explicitly mentions KPIs, but the cluster provides neither KPIs nor quantifiable outcomes/timelines; coherence is moderate because the thematic components are consistent but not structured into an actionable package. 5) Applying the initiative soundness rule: it fails SOUND (no aggregate measurability; no strong sub-actions; coverage < 0.6) and fails PARTIAL (no measurable target/deadline anywhere and no sub-actions), so the result is WEAK and final_verdict is false.",False,[],0,0,0
Chapter 5: Promotion of counteractions against global warming (Mitigation) — 5. Concrete measures — Waste,"Implement mitigation measures in the waste sector (waste reduction/recycling, efficiency of waste power generation, biomass plastics) with KPIs.",Waste,0,0.35,"The parent states mitigation in the waste sector via waste reduction/recycling, improved waste-to-energy efficiency, and biomass plastics, but the verbatim text remains at the level of general intentions. With no listed sub-actions or specific programs/instruments, the initiative does not operationalize the stated goals into deliverables.",0.6,"The elements mentioned (education for reduction/recycling, improving waste power generation efficiency, and shifting to biomass plastics) are thematically consistent within waste-sector mitigation. However, there is no structure, sequencing, or specific interventions described beyond broad promotion statements.",No,No,No,No,"promote educational activities, increase efficiency (unspecified), promoting the shift, no KPIs/metrics in verbatim, no deadlines/years, no sub-actions provided",None,WEAK,0.5,"1) The initiative aims to mitigate emissions in the waste sector by encouraging waste reduction/recycling, improving waste-to-energy efficiency, and shifting toward biomass plastics. 2) Sub-action strength breakdown: 0 strong / 0 moderate / 0 weak, because no sub-actions are provided (num_sub_actions=0). 3) The parent text does not supply an enforceable mechanism (e.g., ordinance/regulation) or a defined spatial/institutional scope that could strengthen implied actions. 4) Coverage is partial-to-low (0.35) because the goals are stated but not translated into concrete, deliverable measures; coherence is moderate (0.6) because the themes align but lack an implementation structure. 5) Applying the initiative soundness rule: it fails SOUND (no aggregate measurability; no strong sub-actions; coverage < 0.6) and fails PARTIAL (no measurable target or deadline anywhere in the cluster). Therefore the initiative is WEAK.",False,[],0,0,0
Chapter 5: Promotion of counteractions against global warming (Mitigation) — 5. Concrete measures — Source of forest absorption /planting trees,"Implement measures for forest absorption/greening, including tree planting, woody biomass, forest conservation, and heat-island countermeasures, with KPIs.",AFOLU,0,0.55,"The bullets align with the parent’s stated goal areas (tree planting/greening, woody biomass, conservation, and heat-island greening). However, the parent statement mentions KPIs, but no KPIs, quantities, or deadlines are actually present in the provided verbatim text, leaving a major gap in what would be needed to implement and track the goal.",0.7,"The listed items are thematically consistent (all relate to increasing sequestration/greening and reducing urban heat). The set is not contradictory, but it is also not structured as a delivery plan (no sequencing, responsibilities, or defined outputs).",No,No,No,No,"education and promotion, introduction (no scale), conservation and tree planting (no targets), promote to increase greenery (no targets), no KPIs stated in verbatim, no timelines",None,WEAK,0.6,"1) The initiative aims to increase forest absorption/greening via education on tree planting, woody biomass introduction, conservation/tree planting, and heat-island greening on buildings. 2) There are 0 sub-actions provided for assessment (and the bullets included are high-level); therefore: 0 strong / 0 moderate / 0 weak formally scored sub-actions. 3) The parent header does not supply binding authority (e.g., ordinance/mandate) or a defined spatial scope (e.g., citywide/municipal assets), so weak/vague items are not lifted by inherited context. 4) Coverage is moderate because the bullets match the thematic goal areas, but the stated intent to use KPIs is not realized in the verbatim text, creating a key implementation gap. Coherence is relatively high because the items are mutually consistent, but they do not form an actionable pathway with defined outputs. 5) Applying the initiative soundness rule: aggregate_measurability is 'No' and there is no strong sub-action with targets+timeline, so the initiative cannot be SOUND or PARTIAL; it is WEAK. Verdict: not worth keeping as an actionable plan without adding KPIs, deadlines, and defined interventions.",False,[],0,0,0
Chapter 5: Promotion of counteractions against global warming (Mitigation) — 5. Concrete measures — Cross-sectional measures,Implement cross-sectional mitigation measures including an all-citizens energy-saving campaign and education on smart communities; promote dispersed power systems and smart community foundations; and promote a sustainable low-carbon city including hydrogen innovation support.,Cross-sectoral,0,0.45,"The listed items broadly align with the parent intent to pursue cross-sectional mitigation via public campaigns, distributed power, and smart-community/clean-energy innovation. However, the text does not specify what scale of deployment, participation, or emissions/energy impact is intended, leaving major gaps in what it would take to achieve the stated mitigation goal.",0.65,"The elements are thematically consistent (awareness/behavior change + energy system modernization + innovation support) and do not contradict each other. However, they are all stated at a similarly high level without a clear sequence (e.g., pilots → scale-up → targets), which reduces practical coherence as an action plan.",No,No,No,No,"promote, expand the use, promoting smart community, supporting innovation, campaign (tentative), no numeric targets, no deadlines/years",None,WEAK,0.58,"1) The initiative aims to advance cross-sectional mitigation through (i) an all-citizens energy-saving campaign, (ii) promotion/expansion of dispersed power systems, and (iii) smart-community promotion and new-energy innovation support (e.g., hydrogen). 2) Strength mix: with num_sub_actions listed as 0 and the verbatim items lacking targets/timelines, there are 0 strong, 0 moderate, and 0 weak sub-actions recorded (and the content present is effectively enabling/aspirational). 3) The parent text does not establish an enforceable mechanism (ordinance/mandate) or a clear spatial scope (e.g., citywide jurisdiction), so weaker elements are not lifted by inherited binding context. 4) Coverage is partial (score 0.45): the measures relate to mitigation but omit key specifications (who does what, by when, and how much adoption/impact). Coherence is moderate (0.65): measures are compatible but not structured into a delivery chain. 5) Applying the Initiative Soundness Rule: it fails SOUND because aggregate_measurability is 'No' and there are no strong/moderate sub-actions with measurable anchors; it also fails PARTIAL because the cluster contains no measurable target or deadline. Therefore the initiative_result is WEAK, and final_verdict is False.",False,[],0,0,0
Chapter 5: Promotion of counteractions against global warming (Mitigation) — Promotion of low-carbon city network,Promote a low-carbon city network via cooperation in the greater Hiroshima area and with domestic/international city networks (ICLEI/Compact of Mayors) to share achievements and build cooperation systems.,Cross-sectoral,0,0.3,"The parent goal is to promote a low-carbon city network through cooperation and information-sharing. With no sub-actions specified and no concrete deliverables described beyond general collaboration, the initiative does not translate the goal into implementable steps (e.g., specific joint programs, quantified emissions reductions, or scheduled network milestones).",0.6,"The parent text is internally consistent: sharing achievements and building cooperation systems are aligned actions. However, with no sub-actions, there is no structured sequence (e.g., governance, membership, joint projects) to assess for logical ordering.",No,No,No,Yes,"no sub-actions provided, consider a system, share achievements, build the system to cooperate, no numeric targets, no deadlines","References to established networks (Compact of Mayors, domestic/international city cooperation)",WEAK,0.5,"1) The initiative aims to create and participate in a low-carbon city network by sharing Hiroshima City's achievements with neighboring towns and cooperating with domestic/international city networks (e.g., Compact of Mayors) to generate synergy. 2) Sub-actions: 0 total (strong=0, moderate=0, weak=0 by definition because none are provided), so there are no discrete commitments to evaluate. 3) The parent provides a general spatial/institutional scope (Hiroshima City and neighboring towns; domestic/international cities) but does not provide a binding mechanism (no ordinance/mandate) or measurable targets/timelines that could lift the cluster. 4) Coverage is limited because the stated intent is not broken into actionable components; coherence is moderate since the narrative is consistent but underspecified. 5) Applying the initiative soundness rule: it cannot be SOUND (no aggregate measurability; no strong/moderate sub-actions; no measurable target/deadline). It also fails PARTIAL because there is no measurable target or deadline anywhere in the cluster. Therefore the result is WEAK, and final_verdict is False (not actionable enough to keep as a plan).",False,[],0,0,0
Chapter 6: Adapting to the effects of climate change (Adaptation) — 2. Direction and structure of measures,"Adopt an adaptation strategy with two pillars (understanding and comprehensive risk-handling capacity) and implement three measures: promoting understanding, building resilient city, and learning/evaluating climate impacts.",Adaptation,0,0.45,"The three measures broadly align with the parent’s stated intent (awareness/understanding, resilience-building, and learning/evaluation). However, they remain at the level of themes and do not specify what will be done, for whom, or at what scale, leaving major implementation gaps.",0.65,"The pillars and measures are internally consistent and non-contradictory: understanding supports resilience, and learning/evaluation supports both. Still, the structure is conceptual rather than an ordered set of actions, with no sequencing or linkages to concrete interventions.",No,No,No,No,"no sub-actions provided, no numeric targets, no deadlines/years, conceptual measures only (promote understanding/build resilience/learn and evaluate)",None,WEAK,0.55,"This initiative sets a high-level adaptation framework: two pillars (improving understanding of climate change impacts; improving regional capacity to handle climate risks) and three measures (promote understanding, build a resilient city, and create a learning/evaluation system). Because there are 0 sub-actions, there are 0 strong / 0 moderate / 0 weak sub-actions to evaluate, and the cluster contains no quantifiable targets or timelines. The parent also does not provide a binding mechanism (e.g., ordinance/mandate) or a clear spatial/institutional scope that could strengthen otherwise-vague actions. Coverage is partial (the measures match the stated pillars) but lacks specifics on what will be implemented, so coverage_score is moderate-low; coherence is decent because the elements are conceptually aligned. Applying the Initiative Soundness Rule: aggregate_measurability is 'No' and there is no strong sub-action, so it cannot be SOUND or PARTIAL; the appropriate result is WEAK. Final verdict is False because initiative_result is WEAK.",False,[],0,0,0
