cluster_id,cluster_type,role,sector,section_header,policy_statement,parent_statement,parent_row_type,verbatim_text,extraction_rationale,location,location_vulnerability_context,row_key,source_bundle_key,is_atomized_row,is_decomposed,canonical_mechanism,mechanism_description,typology_code,typology_confidence,typology_evidence_quote,secondary_categories,gate_demoted_reason,classification_schema_version,secondary_profile,climate_screen,is_financial_instrument,primary_category,primary_causal_pathway,causal_mechanism_detail,dominant_pathway_test,mechanism_classification_reasoning,mechanism_confidence,mechanism_edge_case_notes,instrument_type,instrument_directness,climate_relevance,key_indicators,co_benefits,instance_edge_case_notes,language_violations,primary_gate_passed,primary_gate_reason,secondary_gate_passed,secondary_gate_reason,parent_policy_name
0,parent_with_subs,parent,governance,CHAPTER 5     ADAPTATION STRATEGIES,"Liberia will implement proposed adaptation strategies through sectoral strategies under the NAP Process for priority sectors (agriculture, coastal zones, forestry, energy, waste management, fisheries) and cross-cutting sectors (water resources, biodiversity).",,structural header,"Accordingly, the NAP process is divided into six strategies. The strategies discuss each sector's principal vulnerabilities and management from a climate change perspective and present current guidelines for implementing adaptation measures to increase climate resilience.

## 5.2. Proposed sectors adaptation strategies","Introduces a structured set of sector strategies with multiple detailed actions underneath, functioning as an umbrella (parent) for the sector-specific sub-policies extracted next.",Liberia,No vulnerability context provided,Liberia::acc7aecf1052b559c3145891,Liberia::acc7aecf1052b559c3145891,False,False,adaptation_planning_framework → institutional_adaptive_capacity,The NAP process develops sector-specific strategies and guidelines to implement adaptation measures that increase climate resilience across priority and cross-cutting sectors.,None,0.0,None,None,"evidence quote missing one of: [ecosystem, habitat, tree, trees, ...]; evidence quote missing secondary subtype token: [ecosystem, habitat, tree, trees, ...]",guide_secondary_typology_v1,policy_text_evidence_gated,explicit_self,no,Adaptation,Climate hazard → preparedness/planning capacity → ↓ exposure & ↓ vulnerability → ↓ climate impacts,"(1) Change in human/system activity: Cities implement structured climate preparedness and resilience planning (risk/vulnerability assessments, emergency management optimization, cross-agency coordination, and readiness protocols).  
(2) Mediating physical/social process: Better information, governance, and operational readiness enables earlier warnings, faster response, targeted protection of vulnerable groups, and continuity of critical services during extreme events.  
(3) Climate-relevant outcome: Reduced morbidity/mortality and reduced disruption/damages from extreme weather and other climate stressors; increased institutional adaptive capacity over time.","The single biggest climate-relevant effect is reduced impacts (health, safety, service disruption, damages) from climate hazards through improved preparedness, coordination, and response capacity.","1) Dominant causal pathway: climate hazards are anticipated and managed via planning/readiness, which reduces exposure and vulnerability and therefore reduces adverse impacts—an adaptation pathway.  
2) Why this primary over alternatives: while planning can incidentally influence mitigation (e.g., integrating emissions considerations), the core mechanism described and shared across examples is preparedness and resilience capacity, not GHG reduction (Mitigation), efficiency (Resource Efficiency), or ecosystem-mediated benefits (Nature-Based Solutions).  
3) Edge cases applied: some “resilience planning” documents may include mitigation measures, but that would be a different mechanism; this canonical mechanism is specifically institutional adaptive capacity and readiness for extremes/health impacts.  
4) Applicability to ALL instances: any policy that fits “adaptation planning framework → institutional adaptive capacity” primarily functions by improving governance/readiness to reduce climate impacts, so Adaptation remains the correct primary category across contexts.  
5) Secondary subtype assignment is deferred: details like whether it is heat-health focused, flood emergency management, or broader resilience governance require policy-specific evidence and are not assigned at the mechanism level.",0.9,"Plans labeled “climate preparedness” may bundle mitigation actions (e.g., decarbonization roadmaps); if the dominant implemented content is emissions reduction rather than hazard-impact reduction, that would warrant a different mechanism/category. Here, the stated chain is clearly preparedness/readiness and health risk reduction from extremes.",planning-strategy,enabling,direct,"""NAP process""; ""six strategies""; ""sector's principal vulnerabilities""; ""from a climate change perspective""; ""guidelines for implementing adaptation measures""; ""increase climate resilience""; ""Proposed sectors adaptation strategies""","Potential sector co-benefits (e.g., improved natural resource management, service delivery, biodiversity/water management) are implied but not specified as explicit non-climate objectives.","Could be interpreted as a target-setting or governance reform initiative, but the text most clearly signals a strategy/guidelines-based planning instrument rather than quantified targets or binding requirements.",[],True,matched token: 'vulnerab',True,no typology code,
0,parent_with_subs,sub,land_use,5.2.1. Agricultural Sector,Agriculture adaptation strategy: strengthen Ministry of Agriculture capacity; improve integrated pest/disease/weed management and resistant varieties; assess crop vulnerability/suitability by agro-ecological zones; and enhance climate-proof agro-infrastructure to raise farmer productivity.,"Liberia will implement proposed adaptation strategies through sectoral strategies under the NAP Process for priority sectors (agriculture, coastal zones, forestry, energy, waste management, fisheries) and cross-cutting sectors (water resources, biodiversity).",structural header,"Table 7: Adaptation strategies of the agricultural sector

• Strengthen the capacity of the Ministry of Agriculture, including training of experts, logistics, and use of technology for the management of the sector.
• Improve the effectiveness of pest, disease, and weed management practices through the broader use of integrated pest and pathogen management...
• Assess crops vulnerability and suitability (cropping pattern) for different Agroecological zones.
• Enhance climate-proof agro-infrastructural systems that strengthen the capacity of local farmers to increase productivity.",Bullet-listed concrete interventions under the agriculture adaptation strategy table; clearly actionable capacity/infrastructure and management measures.,Liberia,No vulnerability context provided,Liberia::2adcfaa3c4df0ba5de490079,Liberia::2adcfaa3c4df0ba5de490079,False,False,climate_resilient_agriculture_program → agricultural_productivity_and_climate_risk_reduction,"The strategy strengthens agricultural institutions, improves pest/disease/weed management and crop suitability assessment, and enhances climate-proof farm infrastructure to reduce climate-related production risks and improve farmer productivity.",None,0.0,None,None,evidence_quote not substring-grounded in source,guide_secondary_typology_v1,policy_text_evidence_gated,explicit_self,no,Adaptation,"Climate hazard variability/extremes → improved farm/institutional capacity + resilient practices/infrastructure → ↓ exposure/sensitivity of agriculture → ↓ climate risk impacts (yield loss, livelihood disruption)","(1) Changes the agricultural system by strengthening extension/governance capacity, deploying integrated pest/disease/weed management and resistant varieties, using agro-ecological suitability assessments for crop choices, and investing in climate-resilient farm and agro-infrastructure (e.g., drainage, irrigation, storage, roads). (2) These measures buffer farms against climate stressors and climate-amplified biotic pressures by improving preparedness, suitability of cropping systems to local conditions, and robustness of physical systems that manage water, access, and post-harvest losses. (3) The climate-relevant outcome is reduced climate-driven production volatility and losses (higher and more stable yields/incomes under climate change), i.e., improved adaptive capacity and resilience.",The single biggest climate-relevant effect is reduced vulnerability of agricultural production and livelihoods to climate hazards through improved resilience practices and climate-proof infrastructure.,"1) Dominant causal pathway: climate hazards (and climate-amplified pests/diseases) threaten yields → program improves resilience practices, institutions, and infrastructure → reduces sensitivity/exposure and stabilizes production.  
2) Why Adaptation over alternatives: the central intent and effect is risk reduction and resilience (reduced damages from climate impacts), not a direct, primary reduction in GHG emissions (Mitigation), not mainly “same service with less resource input” (Resource Efficiency), and not primarily ecosystem restoration/carbon sinks (Nature-Based Solutions).  
3) Edge cases applied: some implementations may include mitigation co-benefits (reduced deforestation pressure, reduced losses) or efficiency gains (water/inputs), but these are contingent and not the single biggest effect across all policies using this mechanism.  
4) Applicability to ALL instances: any “climate-resilient agriculture program” focused on climate-proofing practices/infrastructure and managing climate-linked pests/diseases has the dominant effect of lowering climate risk to agriculture, consistent with Adaptation.  
5) Secondary subtype assignment (e.g., drought resilience, flood management, pest management, livelihood resilience) is deferred to policy-level evidence and is not determined at the mechanism-only classification step.",0.86,"If a specific program is primarily justified/implemented as emissions mitigation (e.g., fertilizer N2O reduction, methane reduction in rice/livestock) or as ecosystem restoration (e.g., agroforestry explicitly for carbon sequestration), it may warrant a different primary category at the policy level; however, the stated mechanism here is predominantly climate risk reduction and productivity stabilization (adaptation).",planning-strategy,enabling,direct,"“Adaptation strategies”; “Strengthen the capacity of the Ministry of Agriculture”; “training of experts, logistics, and use of technology”; “integrated pest and pathogen management”; “Assess crops vulnerability and suitability… for different Agroecological zones”; “Enhance climate-proof agro-infrastructural systems”",Food security and rural income gains via “increase productivity”; general institutional modernization/technology uptake beyond climate adaptation.,"Includes an infrastructure component (“Enhance climate-proof agro-infrastructural systems”) that could be coded as infrastructure-investment if treated as a funded build/upgrade program; however, the excerpt is framed as a list of strategies without specific investment commitments, budgets, or project directives, so planning-strategy is retained.",[],True,matched token: 'vulnerab',True,no typology code,"Liberia will implement proposed adaptation strategies through sectoral strategies under the NAP Process for priority sectors (agriculture, coastal zones, forestry, energy, waste management, fisheries) and cross-cutting sectors (water resources, biodiversity)."
0,parent_with_subs,sub,land_use,5.2.1. Agricultural Sector,"Agriculture adaptation strategy: support communities via indigenous knowledge dissemination, insurance schemes, early warning/early action systems, vaccination campaigns and disease control to cope with climate variability.","Liberia will implement proposed adaptation strategies through sectoral strategies under the NAP Process for priority sectors (agriculture, coastal zones, forestry, energy, waste management, fisheries) and cross-cutting sectors (water resources, biodiversity).",structural header,"Table 7: Adaptation strategies of the agricultural sector

• Support communities in livestock and crop sectors by inventorying and disseminating indigenous knowledge, establishing and/or strengthening insurance schemes, early warning, early action system, vaccination campaign, disease control, etc., to cope with the stress based on climate variability.","Specifies multiple concrete support mechanisms (insurance, EWS/EAS, vaccination, disease control) for adaptation.",Liberia,No vulnerability context provided,Liberia::c1845432c4913b7677f3d95f,Liberia::c1845432c4913b7677f3d95f,False,False,agricultural_adaptation_support_programs → climate_risk_resilience,"Support communities with indigenous knowledge dissemination, insurance schemes, early warning/early action systems, and vaccination and disease control to help crops and livestock cope with climate variability.",None,0.0,None,None,,guide_secondary_typology_v1,policy_text_evidence_gated,explicit_self,no,Adaptation,Climate hazard → risk management + preparedness + animal/plant health measures → ↓ exposure/sensitivity & ↑ coping capacity → ↓ climate damages,"1) Change in human activity/system: Farmers, pastoralists, and local institutions adopt adaptation-support measures (indigenous knowledge dissemination, insurance/risk transfer, early warning/early action protocols, vaccination and disease control programs) and integrate them into agricultural decision-making and service delivery.  
2) Mediating physical/ecological process: Improved anticipation of extreme events and climate variability enables earlier protective actions; insurance spreads/absorbs financial shocks; vaccination/disease control reduces climate-sensitive disease outbreaks and productivity losses; collectively these reduce sensitivity to heat, drought, floods, and shifting pest/disease dynamics.  
3) Climate-relevant outcome: Lower climate-related yield/livestock losses and livelihood disruption, faster recovery after shocks, and improved resilience of food systems under changing climate conditions.","The single biggest climate-relevant effect is reduced climate hazard impacts on agricultural production and livelihoods (i.e., increased resilience to droughts, floods, heat, pests, and disease).","1) Dominant causal pathway: The core causal chain is climate hazard → preparedness/health/risk-transfer interventions → reduced vulnerability and damages in agriculture.  
2) Why this primary over alternatives: While some components can have ancillary mitigation/resource-efficiency effects (e.g., avoided losses may reduce pressure to expand farmland; improved herd health may reduce emissions intensity), the mechanism’s main intent and largest effect is safeguarding production and livelihoods against climate variability—an adaptation outcome.  
3) Edge cases applied: If an “adaptation support” package were redesigned primarily to cut agricultural methane/nitrous oxide (e.g., feed additives, manure management) it would shift toward Mitigation; however, the listed elements (insurance, early warning, vaccination/disease control, knowledge dissemination) are predominantly adaptation/risk management tools.  
4) Confirm applies to ALL instances sharing this mechanism: Any policy centered on adaptation support programs for agriculture (knowledge/insurance/early warning/animal & plant health) primarily functions to reduce climate risk impacts rather than directly reduce emissions, so Adaptation remains the consistent primary category.  
5) Secondary subtype assignment deferred: Whether a given policy is best subclassified as “risk transfer,” “early warning,” “extension services,” or “agricultural health” depends on policy-specific evidence and is deferred to the policy level.",0.9,Some interventions (especially livestock health) can change herd sizes/productivity and thus emissions profiles; classification remains Adaptation unless the dominant design objective and quantified impact is GHG reduction rather than resilience/risk reduction.,planning-strategy,enabling,direct,"“Adaptation strategies”; “Support communities”; “inventorying and disseminating indigenous knowledge”; “establishing and/or strengthening insurance schemes”; “early warning, early action system”; “vaccination campaign”; “disease control”; “to cope with the stress based on climate variability”",Improved routine animal and plant health and public health outcomes; poverty reduction/financial inclusion via insurance; improved food security beyond climate shocks.,"This is a bundle of instruments spanning information/services (knowledge dissemination, early warning) and programs (insurance, vaccination/disease control). If a single instrument must be chosen, “planning-strategy” best reflects an overarching adaptation strategy rather than a single discrete incentive or infrastructure project. If insurance were specified as subsidized/financed, it could also be coded as an incentive-program.",[],True,matched token: 'resilien',True,no typology code,"Liberia will implement proposed adaptation strategies through sectoral strategies under the NAP Process for priority sectors (agriculture, coastal zones, forestry, energy, waste management, fisheries) and cross-cutting sectors (water resources, biodiversity)."
0,parent_with_subs,sub,land_use,5.2.1. Agricultural Sector,"Agriculture adaptation strategy: develop and introduce integrated soil fertility management, water harvesting, and conservation techniques to improve soil fertility and cope with aridity, waterlogging and floods.","Liberia will implement proposed adaptation strategies through sectoral strategies under the NAP Process for priority sectors (agriculture, coastal zones, forestry, energy, waste management, fisheries) and cross-cutting sectors (water resources, biodiversity).",structural header,"Table 7: Adaptation strategies of the agricultural sector

• Develop and introduce a diverse range of integrated Soil fertility management (SFM), water harvesting, and conservation techniques to farmers as a sustainable means of improving soil fertility, intensifying agricultural production, and coping with extreme conditions (aridity, waterlogging, flood, etc.)",Concrete practice/technology package to be developed and introduced to farmers.,Liberia,No vulnerability context provided,Liberia::2ae7e07deb1344906064b014,Liberia::2ae7e07deb1344906064b014,False,False,climate_smart_agriculture_practices → agricultural_climate_resilience,"Developing and introducing integrated soil fertility management, water harvesting, and conservation techniques improves soil fertility and helps farmers cope with extreme conditions such as aridity, waterlogging, and floods.",A-1,0.8,"introduce a diverse range of integrated Soil fertility management (SFM), water harvesting, and conservation techniques to farmers",Nature-Based Solutions,,guide_secondary_typology_v1,policy_text_evidence_gated,explicit_self,no,Adaptation,Climate hazard (drought/flood/waterlogging) → improved soil & water management → ↓ exposure/sensitivity of crops & farms → ↓ climate-related yield loss and livelihood risk,"1) Changed human activity/system: Farmers adopt climate-smart agronomic practices such as integrated soil fertility management (e.g., organic amendments, balanced nutrients), water harvesting/storage, and soil & water conservation measures (e.g., mulching, contouring, erosion control, drainage/raised beds where relevant).  
2) Mediating physical/ecological process: Practices improve soil structure and organic matter, increase infiltration and soil water-holding capacity, reduce erosion/runoff, and (depending on design) improve drainage to avoid waterlogging; water harvesting increases water availability during dry spells.  
3) Climate-relevant outcome: Farms become less sensitive to drought and intense rainfall/flooding, sustaining productivity and reducing losses under climate variability and extremes (i.e., increased adaptive capacity and resilience).","The single biggest climate-relevant effect is increasing agricultural system resilience to climate hazards (drought, flooding, waterlogging) by improving soil moisture retention/drainage and on-farm water availability.","1) Dominant causal pathway: The mechanism is explicitly framed as coping with aridity, waterlogging, and floods by improving soil fertility and water management—i.e., reducing climate-impact sensitivity and stabilizing yields.  
2) Why this primary over alternatives: While some practices can also reduce emissions or increase soil carbon (mitigation/nature-based co-benefits), the stated objective and largest effect across policies using this mechanism is resilience to climate hazards, not GHG reduction.  
3) Edge cases applied: If a specific policy under this mechanism were designed primarily to maximize carbon sequestration or reduce fertilizer-related N₂O, it could shift toward mitigation/NBS; however, the canonical mechanism here is “agricultural climate resilience,” which anchors the dominant pathway in adaptation.  
4) Confirm primary applies to ALL instances: Any policy that fits this mechanism (soil fertility + water harvesting + conservation to cope with extremes) primarily functions to reduce vulnerability to drought/flood/waterlogging, which is adaptation.  
5) Secondary subtype deferred: Co-benefits (soil carbon gains, reduced input use, methane/nitrous oxide changes) require policy- and practice-specific evidence and are therefore deferred to policy-level assessment.",0.9,Some soil fertility and conservation measures can materially increase soil carbon or reduce N₂O (mitigation/Nature-Based Solutions co-benefits). Classification would only change if the policy’s primary intent and dominant quantified outcome is GHG mitigation rather than resilience to climate hazards.,planning-strategy,enabling,direct,"“Adaptation strategies”; “Develop and introduce”; “to farmers”; “water harvesting”; “conservation techniques”; “coping with extreme conditions (aridity, waterlogging, flood, etc.)”; “sustainable means of improving soil fertility”",Higher agricultural productivity/intensification; reduced soil erosion/land degradation; potential water quality improvement from reduced runoff/sediment loss,"Could also be implemented as an incentive program (subsidies/grants) or an extension program; however, the excerpt itself does not specify funding, mandates, or standards—only development and introduction of techniques.",[],True,matched token: 'resilien',True,contextual_pass: quote matched secondary token 'soil'; row context matched primary token 'adapt',"Liberia will implement proposed adaptation strategies through sectoral strategies under the NAP Process for priority sectors (agriculture, coastal zones, forestry, energy, waste management, fisheries) and cross-cutting sectors (water resources, biodiversity)."
0,parent_with_subs,sub,land_use,5.2.1. Agricultural Sector,"Agriculture adaptation strategy: strengthen CARI capacity for climate-smart agriculture, including establishing seed banks and improving soil management, crop diversification, and livestock breeds; and develop climate-resilient crops including drought-resistant and flood-tolerant varieties and gene banks.","Liberia will implement proposed adaptation strategies through sectoral strategies under the NAP Process for priority sectors (agriculture, coastal zones, forestry, energy, waste management, fisheries) and cross-cutting sectors (water resources, biodiversity).",structural header,"Table 7: Adaptation strategies of the agricultural sector

• Strengthen the Central Agricultural Research Institute (CARI) capacity for research development of climate smart agriculture initiates in Liberia, including the setting up of seed banks and soil management, crop diversification... improved livestock breeds, etc.
• Develop climate-resilient crops, promote drought - resistant, flood-tolerant, and establishing gene bank of climate-resilient varieties of indigenous food crops (NDC, 2015)",Institutional strengthening plus specific deliverables (seed banks/gene banks; resilient varieties) are clear adaptation actions.,Liberia,No vulnerability context provided,Liberia::e3602753d6165b26b9168035,Liberia::e3602753d6165b26b9168035,False,False,climate_smart_agriculture_practices → agricultural_climate_resilience,"Strengthening agricultural research and developing climate-resilient seeds and practices (e.g., seed/gene banks, improved soil management, crop diversification, and hardier livestock/crop varieties) increases resilience to drought and flooding impacts.",None,0.0,None,None,evidence_quote not substring-grounded in source,guide_secondary_typology_v1,policy_text_evidence_gated,explicit_self,no,Adaptation,Climate hazard (drought/flood/waterlogging) → improved soil & water management → ↓ exposure/sensitivity of crops & farms → ↓ climate-related yield loss and livelihood risk,"1) Changed human activity/system: Farmers adopt climate-smart agronomic practices such as integrated soil fertility management (e.g., organic amendments, balanced nutrients), water harvesting/storage, and soil & water conservation measures (e.g., mulching, contouring, erosion control, drainage/raised beds where relevant).  
2) Mediating physical/ecological process: Practices improve soil structure and organic matter, increase infiltration and soil water-holding capacity, reduce erosion/runoff, and (depending on design) improve drainage to avoid waterlogging; water harvesting increases water availability during dry spells.  
3) Climate-relevant outcome: Farms become less sensitive to drought and intense rainfall/flooding, sustaining productivity and reducing losses under climate variability and extremes (i.e., increased adaptive capacity and resilience).","The single biggest climate-relevant effect is increasing agricultural system resilience to climate hazards (drought, flooding, waterlogging) by improving soil moisture retention/drainage and on-farm water availability.","1) Dominant causal pathway: The mechanism is explicitly framed as coping with aridity, waterlogging, and floods by improving soil fertility and water management—i.e., reducing climate-impact sensitivity and stabilizing yields.  
2) Why this primary over alternatives: While some practices can also reduce emissions or increase soil carbon (mitigation/nature-based co-benefits), the stated objective and largest effect across policies using this mechanism is resilience to climate hazards, not GHG reduction.  
3) Edge cases applied: If a specific policy under this mechanism were designed primarily to maximize carbon sequestration or reduce fertilizer-related N₂O, it could shift toward mitigation/NBS; however, the canonical mechanism here is “agricultural climate resilience,” which anchors the dominant pathway in adaptation.  
4) Confirm primary applies to ALL instances: Any policy that fits this mechanism (soil fertility + water harvesting + conservation to cope with extremes) primarily functions to reduce vulnerability to drought/flood/waterlogging, which is adaptation.  
5) Secondary subtype deferred: Co-benefits (soil carbon gains, reduced input use, methane/nitrous oxide changes) require policy- and practice-specific evidence and are therefore deferred to policy-level assessment.",0.9,Some soil fertility and conservation measures can materially increase soil carbon or reduce N₂O (mitigation/Nature-Based Solutions co-benefits). Classification would only change if the policy’s primary intent and dominant quantified outcome is GHG mitigation rather than resilience to climate hazards.,planning-strategy,enabling,direct,"“Adaptation strategies”; “Strengthen the Central Agricultural Research Institute (CARI) capacity”; “research development of climate smart agriculture”; “setting up of seed banks”; “soil management”; “crop diversification”; “improved livestock breeds”; “Develop climate-resilient crops”; “drought-resistant, flood-tolerant”; “establishing gene bank”",Food security and rural livelihoods improvement; biodiversity/agrobiodiversity conservation (via gene/seed banks); potential mitigation co-benefits from improved soil management (soil carbon),"Could also be read as an infrastructure/investment action (seed banks/gene banks as facilities), but the phrasing is predominantly capacity-building and strategy/research-oriented without clear budgeted capital works; classified as planning-strategy with enabling directness.",[],True,matched token: 'resilien',True,no typology code,"Liberia will implement proposed adaptation strategies through sectoral strategies under the NAP Process for priority sectors (agriculture, coastal zones, forestry, energy, waste management, fisheries) and cross-cutting sectors (water resources, biodiversity)."
0,parent_with_subs,sub,land_use,5.2.2. Coastal Sector,Coastal adaptation strategy: develop and implement coastal zone policy/design/management plan; develop an integrated coastal management plan and early warning system with training; promote disaster risk management and preparedness; rehabilitate and protect wetlands and mangroves; and climate-proof new coastal infrastructure investments.,"Liberia will implement proposed adaptation strategies through sectoral strategies under the NAP Process for priority sectors (agriculture, coastal zones, forestry, energy, waste management, fisheries) and cross-cutting sectors (water resources, biodiversity).",structural header,"Table 8: Adaptation strategies of the coastal sector

• develop and implement coastal zone policy, design, and management plan(NDC, 2015)
• Develop an integrated management plan for coastal zone management as well as an early warning system that includes training and capacity development for coastal management and monitoring
• Promote and implement disaster risk management in general (especially disaster preparedness).
• Support the rehabilitation and protection of wetlands and mangroves...
• Develop and implement a program for climate-proofing new investments in infrastructure (roads, sewers, water supplies, and other infrastructure) in coastal settlements and rural areas...","A suite of concrete coastal adaptation measures, including planning instruments, EWS, DRM, ecosystem protection, and infrastructure climate-proofing.",Liberia,No vulnerability context provided,Liberia::a09ef28bbea98efa0cde4a30,Liberia::a09ef28bbea98efa0cde4a30,False,False,coastal_adaptation_planning_and_nature_based_protection → coastal_hazard_risk_reduction,"Develops and implements coastal management planning, early warning and preparedness activities, rehabilitates and protects wetlands and mangroves, and climate-proofs new coastal infrastructure to reduce coastal climate hazard risks and impacts.",None,0.0,None,None,evidence_quote not substring-grounded in source,guide_secondary_typology_v1,policy_text_evidence_gated,explicit_self,no,Adaptation,Climate hazard → ↓ exposure/sensitivity (via coastal planning + early warning + protective buffers + resilient infrastructure) → ↓ climate risk/impacts,"(1) Changes coastal governance and land/infrastructure decisions by implementing integrated coastal zone management, preparedness and early warning, restoring/protecting mangroves and wetlands, and climate-proofing new coastal infrastructure. (2) These measures mediate impacts by improving hazard monitoring/response, steering development away from high-risk zones, dissipating wave energy and attenuating storm surge via coastal ecosystems, stabilizing shorelines, and increasing built asset robustness. (3) The climate-relevant outcome is reduced mortality, economic loss, service disruption, and ecosystem damage from sea-level rise and extreme coastal events.","The single biggest climate-relevant effect is reduced exposure and damages to people, assets, and ecosystems from coastal hazards (e.g., storm surge, flooding, erosion) through improved preparedness, protective nature-based buffers, and climate-resilient coastal infrastructure.","1) Dominant causal pathway: interventions target coastal hazard management (planning, warnings, protective ecosystems, resilient infrastructure) leading to reduced exposure/sensitivity and thus reduced climate impacts.  
2) Why Adaptation over alternatives: while mangroves/wetlands can sequester carbon (Nature-Based Solutions) and planning can improve efficiency, the central objective and largest effect across policies using this mechanism is hazard risk reduction, which is Adaptation.  
3) Edge cases applied: nature-based components may yield mitigation co-benefits (carbon storage) and resource co-benefits (fisheries, water quality), but these are typically secondary to coastal protection and preparedness in this mechanism definition.  
4) Applies to ALL instances: any policy matching “coastal adaptation planning + preparedness/early warning + nature-based coastal protection + climate-proofing coastal infrastructure” is inherently oriented to reducing climate hazard impacts, so Adaptation remains the primary category.  
5) Secondary subtype assignment (e.g., ecosystem-based adaptation vs engineered protection vs early warning) is deferred to policy-level evidence and does not change the primary category.",0.9,"If a policy instance is dominated by mangrove/wetland restoration explicitly for carbon sequestration (with coastal protection only incidental), it could shift toward Nature-Based Solutions; however, under this canonical mechanism the stated dominant intent/effect is coastal hazard risk reduction, so Adaptation is primary.",planning-strategy,direct,direct,"“develop and implement coastal zone policy, design, and management plan”; “integrated management plan for coastal zone management”; “early warning system”; “training and capacity development”; “Promote and implement disaster risk management… (especially disaster preparedness)”; “rehabilitation and protection of wetlands and mangroves”; “program for climate-proofing new investments in infrastructure”",Biodiversity conservation and fisheries support from wetland/mangrove protection; improved water quality and sanitation reliability via resilient sewers/water supplies; reduced non-climate disaster losses through broader disaster risk management capacity.,"This package includes elements that could also be coded as infrastructure-investment (climate-proofing infrastructure) and information/disaster management systems (early warning, training), but the dominant framing is an integrated coastal zone management plan/strategy encompassing multiple instruments.",[],True,matched token: 'hazard',True,no typology code,"Liberia will implement proposed adaptation strategies through sectoral strategies under the NAP Process for priority sectors (agriculture, coastal zones, forestry, energy, waste management, fisheries) and cross-cutting sectors (water resources, biodiversity)."
0,parent_with_subs,sub,governance,5.2.2. Coastal Sector,"Coastal adaptation strategy: design and implement a strategic communication action plan to inform and educate the public on climate change-related coastal changes, challenges, and adaptation options.","Liberia will implement proposed adaptation strategies through sectoral strategies under the NAP Process for priority sectors (agriculture, coastal zones, forestry, energy, waste management, fisheries) and cross-cutting sectors (water resources, biodiversity).",structural header,"Table 8: Adaptation strategies of the coastal sector

• Design and implement a strategic communication action plan to inform and educate people about changes and challenges associated with coastal areas related to climate change and how they can adapt to cope with these changes and challenges.",Specific planned intervention (communication action plan) with clear purpose and scope.,Liberia,No vulnerability context provided,Liberia::2e3a0999eadf17ba9e255d64,Liberia::2e3a0999eadf17ba9e255d64,False,False,strategic_climate_communication → adaptation_planning_support,"Designing and implementing a strategic communication action plan informs and educates people about climate change impacts on coastal areas and available adaptation options, supporting preparedness and adaptation planning.",None,0.0,None,None,"evidence quote missing one of: [efficien, kwh, kw·h, per capita, ...]; evidence quote missing secondary subtype token: [efficien, kwh, kw·h, per capita, ...]",guide_secondary_typology_v1,policy_text_evidence_gated,explicit_self,no,Adaptation,Information/awareness intervention → improved planning & behavior → ↓ exposure/vulnerability to climate hazards → ↓ climate impacts,"(1) Changes the information environment and governance capacity by delivering targeted communications that educate the public and stakeholders about coastal climate impacts and feasible adaptation actions. (2) This improves risk perception, knowledge, social acceptance, and coordination, which increases uptake and quality of adaptation planning and preparedness actions (e.g., household/community measures, support for zoning/retreat/protection strategies). (3) The climate-relevant outcome is reduced damages and disruption from sea-level rise, coastal flooding, and erosion via lower exposure and vulnerability (not primarily GHG reductions).",Strategic climate communication most strongly reduces climate risk by improving preparedness and adoption of adaptation measures that lower exposure and vulnerability to coastal hazards.,"1) Dominant causal pathway: communication → improved preparedness/adaptation planning → reduced vulnerability/exposure to coastal climate hazards.  
2) Why Adaptation over alternatives: the primary intended and most material climate effect is risk reduction (resilience), not emissions abatement (Mitigation), not primarily “same service with less resource input” (Resource Efficiency), and not ecosystem restoration (Nature-Based Solutions).  
3) Edge cases applied: communication could indirectly support mitigation (e.g., shifting norms toward low-carbon choices), but in this canonical mechanism it is explicitly about coastal impacts and adaptation options; thus adaptation dominates.  
4) Mechanism-level applicability: any policy that is “strategic climate communication → adaptation planning support” shares this core risk-reduction pathway regardless of jurisdiction.  
5) Secondary subtype assignment (e.g., coastal flooding, sea-level rise, preparedness/behavior change vs. institutional capacity) is deferred to policy-level evidence and is not set at the mechanism level.",0.86,"If the communication plan is paired with or primarily aimed at emissions-reduction behaviors (energy conservation, transport mode shift), the dominant pathway could shift toward Mitigation; however, for coastal adaptation education/planning support as stated, Adaptation is the correct primary category.",information-disclosure,enabling,direct,“strategic communication action plan”; “inform and educate people”; “changes and challenges … related to climate change”; “how they can adapt to cope”,Improved general coastal environmental awareness; potential benefits for disaster preparedness beyond climate-specific hazards.,"Could also be framed as a broader “planning-strategy” if the action plan is a formal government strategy document, but the operative instrument described is public communication/education (information-disclosure).",[],True,matched token: 'adapt',True,no typology code,"Liberia will implement proposed adaptation strategies through sectoral strategies under the NAP Process for priority sectors (agriculture, coastal zones, forestry, energy, waste management, fisheries) and cross-cutting sectors (water resources, biodiversity)."
0,parent_with_subs,sub,energy_supply,5.2.3. Energy Sector,"Energy adaptation strategy: establish and promote a national solar energy program and other energy-efficient lighting technologies, including provision of energy-efficient technologies for schools, public institutions, and households.","Liberia will implement proposed adaptation strategies through sectoral strategies under the NAP Process for priority sectors (agriculture, coastal zones, forestry, energy, waste management, fisheries) and cross-cutting sectors (water resources, biodiversity).",structural header,"Table 9: Adaptation strategies of the energy sector

• Establish and promote a robust national program on solar energy (e.g., hybrid systems, installation of solar panels, promotion of solar street lighting, etc.) and other energy-efficient lighting technologies.
• Support the provision of energy-efficient technologies such as energy-efficient bulbs to provide power and lighting for schools and other public institutions and households...","Concrete energy adaptation/transition actions (solar program, efficiency tech deployment) explicitly proposed as strategy measures.",Liberia,No vulnerability context provided,Liberia::008f4a041791762abd356078,Liberia::008f4a041791762abd356078,False,False,solar_pv_deployment → fossil_generation_displacement,"It establishes and promotes a national solar energy program and supports provision of energy-efficient lighting technologies, increasing solar-based electricity and lowering reliance on fossil electricity generation.",None,0.0,None,None,,guide_secondary_typology_v1,policy_text_evidence_gated,explicit_self,no,Mitigation,Renewable electricity deployment → fossil generation displacement → ↓ fuel combustion → ↓ GHG emissions → ↓ atmospheric forcing,"1) Changed activity/system: Electricity supply mix shifts as PV capacity and generation increase (utility-scale, rooftop, or community solar), changing dispatch and reducing fossil plant run-hours and output.  
2) Mediating process: PV produces electricity without on-site combustion; on the grid, this zero/low-operational-emissions generation substitutes for marginal fossil generation (often gas or coal), reducing fossil fuel use and associated CO2 (and some CH4/N2O) emissions; effects depend on marginal emissions factors, curtailment, and storage/transmission constraints.  
3) Climate-relevant outcome: Net reduction in power-sector GHG emissions (tCO2e) and, secondarily, reductions in co-pollutants from fossil generation.","The single biggest climate-relevant effect is that added solar PV generation displaces fossil electricity generation, lowering power-sector GHG emissions.","1) Dominant causal pathway: PV deployment increases renewable generation that substitutes for fossil generation, yielding a direct decrease in combustion-related GHG emissions—this is classic emissions mitigation.  
2) Why this primary over alternatives: While PV can improve resource efficiency (less fuel input per kWh) and can support resilience if paired with storage/islanding, the principal and most general effect across all such policies is emissions reduction via fossil displacement.  
3) Edge cases applied: If PV is added in a grid with high curtailment or already near-zero marginal emissions, emissions benefits may be smaller, but the intended and typical dominant pathway remains fossil displacement and mitigation. Lifecycle/manufacturing emissions do not overturn the primary operational mitigation effect in standard accounting.  
4) Applicability to ALL instances: Any policy that materially deploys solar PV to increase electricity production shares this dominant mitigation pathway because the mechanism explicitly relies on renewable generation displacing fossil generation.  
5) Note on secondary subtypes: Any further subtype/secondary tagging (e.g., rooftop vs utility-scale, community ownership, resilience microgrids, equity components) is deferred to policy-level evidence and does not change the primary category.",0.95,"Emissions impact depends on the marginal grid mix, curtailment, and whether PV is paired with storage; PV deployed primarily for backup power/resilience could introduce an adaptation co-benefit, but the canonical mechanism specified is fossil generation displacement (mitigation).",incentive-program,direct,direct,“Establish and promote a robust national program on solar energy”; “installation of solar panels”; “promotion of solar street lighting”; “other energy-efficient lighting technologies”; “Support the provision of energy-efficient technologies such as energy-efficient bulbs”; “for schools and other public institutions and households”,Improved energy access and reliability for schools/households; reduced local air pollution from displaced fossil generation; potential cost savings on electricity bills.,"Could also be interpreted as a high-level planning/strategy statement (“establish and promote… program”) or include public procurement components (provision to schools/public institutions), but no explicit mandate/standard, procurement rule, or pricing mechanism is specified; “support/provision” most closely fits an incentive/programmatic deployment approach.",[],True,matched token: 'fossil',True,no typology code,"Liberia will implement proposed adaptation strategies through sectoral strategies under the NAP Process for priority sectors (agriculture, coastal zones, forestry, energy, waste management, fisheries) and cross-cutting sectors (water resources, biodiversity)."
0,parent_with_subs,sub,energy_supply,5.2.3. Energy Sector,"Energy adaptation strategy: promote energy plantations to reduce pressure on natural forests, regulate sustainable biomass energy use, support community-based off-grid/mini-grids, conserve/protect water catchments for hydropower and municipal supply, and prevent sedimentation affecting hydropower generation.","Liberia will implement proposed adaptation strategies through sectoral strategies under the NAP Process for priority sectors (agriculture, coastal zones, forestry, energy, waste management, fisheries) and cross-cutting sectors (water resources, biodiversity).",structural header,"Table 9: Adaptation strategies of the energy sector

• Support the promotion and implementation of energy plantation schemes to minimize natural forest pressure and reduce energy stress.
• Develop a system to regulate the sustainable use of biomass energy.
• Promote and support the development and utilization of community-based off- grid/mini-grids.
• Conservation and protection of water catchments, including around hydro- power and municipal water supply sources.
• Prevent sedimentation that could hinder the production of energy in hydroelectric facilities",Multiple specific interventions for resilience and sustainability in the energy sector are explicitly listed.,Liberia,No vulnerability context provided,Liberia::7b945347f9c18640bcc8bf45,Liberia::7b945347f9c18640bcc8bf45,False,False,water_catchment_protection → hydropower_and_water_supply_resilience,Conservation and protection of water catchments and efforts to prevent sedimentation help maintain hydroelectric generation and support reliable municipal water supply.,None,0.0,None,None,,guide_secondary_typology_v1,policy_text_evidence_gated,explicit_self,no,Adaptation,Climate hazard (drought/intense rainfall/erosion) → catchment degradation & sedimentation risk → service disruption risk (hydropower/water supply) → catchment protection → ↓ exposure/sensitivity → ↑ service resilience,"(1) Change in system: Land and watershed management is altered via conservation/protection of catchments (e.g., restricting degrading land uses, restoring/maintaining vegetative cover, controlling erosion in upstream areas feeding reservoirs/intakes).  
(2) Mediating process: Improved infiltration and flow regulation, reduced soil erosion and sediment transport, and improved raw water quality reduce reservoir siltation and protect turbines/intakes; this stabilizes dry-season flows and moderates flood-driven turbidity spikes.  
(3) Climate-relevant outcome: Increased reliability/resilience of hydroelectric generation and municipal water supply under climate variability and extremes (droughts, intense rainfall, landslides/erosion), reducing outage risk and water shortages.",Protecting water catchments most strongly reduces climate-related disruption risk to hydropower generation and municipal water supply by stabilizing runoff and reducing sedimentation.,"1) Dominant causal pathway: The mechanism targets climate and hydrology-driven risks (variable flows, droughts, heavy-rain erosion) that threaten hydropower and water-supply service continuity, and uses catchment protection to reduce sensitivity and exposure.  
2) Why this primary over alternatives: While catchment conservation can also sequester carbon (Nature-Based Solutions) and can indirectly avoid fossil backup generation (Mitigation), the stated and generally largest intended climate-relevant effect for this mechanism is maintaining reliable energy/water services under climate stress—an adaptation outcome.  
3) Edge cases applied: If a specific policy’s principal quantified objective were carbon sequestration or renewable expansion via increased generation (displacing fossil fuels), that would shift dominant effect; however, those would be different mechanisms or require policy-level evidence. Here, “resilience/reliability” and “prevent sedimentation affecting generation” are explicitly adaptation-focused.  
4) Applies to ALL instances sharing this mechanism: Any policy framed as catchment protection to maintain hydropower/water supply reliability functions through the same resilience pathway (reduced sedimentation/regulated flows), so Adaptation fits across instances.  
5) Secondary subtype deferred: Any secondary tagging (e.g., NBS co-benefits, mitigation co-benefits, biodiversity) depends on the specific policy design and evidence and is deferred to policy-level assessment.",0.84,"Catchment protection often overlaps with Nature-Based Solutions (carbon sinks, biodiversity) and can yield mitigation via avoided fossil backup generation; classify as Adaptation unless the dominant stated/quantified outcome is emissions reduction/carbon sequestration rather than resilience of hydropower/water supply.",planning-strategy,enabling,direct,“Adaptation strategies of the energy sector”; “Support the promotion and implementation of energy plantation schemes”; “Develop a system to regulate the sustainable use of biomass energy”; “Promote and support the development… of… off-grid/mini-grids”; “Conservation and protection of water catchments… around hydro-power and municipal water supply sources”; “Prevent sedimentation… in hydroelectric facilities”,Reduced deforestation/forest degradation; biodiversity and ecosystem services protection; improved air quality/health from cleaner energy access; rural electrification and energy security; improved municipal water quality,"This entry bundles multiple instrument logics (regulation of biomass use; support for mini-grids; catchment protection measures). With no explicit legal mandate, quantified targets, or stated budget, it is treated as a planning/strategy instrument rather than a regulatory-mandate or infrastructure-investment.",[],True,matched token: 'resilien',True,no typology code,"Liberia will implement proposed adaptation strategies through sectoral strategies under the NAP Process for priority sectors (agriculture, coastal zones, forestry, energy, waste management, fisheries) and cross-cutting sectors (water resources, biodiversity)."
0,parent_with_subs,sub,land_use,5.2.4. Fisheries Sector,"Fisheries adaptation strategy: strengthen capacity of fisheries authorities for research/monitoring/enforcement; support artisanal fishing communities with training, gear and alternative livelihoods; establish monitoring/reporting/verification and adaptive management; support research on climate pressures; identify/map/protect valuable fisheries areas including marine protected areas; reduce external stressors via regulatory measures; integrate fisheries into national adaptation and food security policies; establish early warning and information/communication networks; and regulate fishing to prevent overexploitation.","Liberia will implement proposed adaptation strategies through sectoral strategies under the NAP Process for priority sectors (agriculture, coastal zones, forestry, energy, waste management, fisheries) and cross-cutting sectors (water resources, biodiversity).",structural header,"Table 10: Adaptation strategies of the fisheries sector

• Strengthen the capacity of the Bureau of National Fisheries... for research monitoring and enforcement.
• Invest in and support artisanal fishing communities, including training, fishing gear, and alternative livelihoods.
• Set up robust monitoring, reporting, and verification system...
• Identify, map, and protect areas valuable for fisheries... including the setting up of marine protected areas.
• ...instituting actions and regulatory measures to reduce land-based sources of pollution... and destructive fishing practices...
• Integrate fisheries fully into climate change adaptation and food security policies at the national level...
• Support the establishment of early warning systems...
• ...Regulate fishing practices to prevent overexploitation and fishing in restricted areas (NAPA, 2008)","Comprehensive list of concrete governance, capacity, protection, and regulatory measures presented as sector adaptation strategies.",Liberia,No vulnerability context provided,Liberia::ca8173fd0bc061efcce81be2,Liberia::ca8173fd0bc061efcce81be2,False,False,fisheries_adaptation_and_management → fisheries_resilience_and_food_security,"The strategy strengthens fisheries governance (research/monitoring, early warning, protected areas, pollution controls, and regulated fishing practices) to reduce climate and non-climate stresses on marine ecosystems and sustain fish stocks and livelihoods under changing conditions.",None,0.0,None,None,evidence_quote not substring-grounded in source,guide_secondary_typology_v1,policy_text_evidence_gated,explicit_self,no,Adaptation,Climate hazard + ecosystem stress → fisheries management/adaptation actions → ↓ exposure/sensitivity + ↑ adaptive capacity → sustained fish stocks/livelihoods under climate change,"1) Changed human activity/system: Fisheries governance and practices are strengthened (monitoring and research, enforcement, adaptive harvest rules, protected areas, pollution/stressor controls, early warning systems, and livelihood support/diversification).  
2) Mediating physical/ecological process: Reduced overfishing and non-climate stressors plus improved ecosystem stewardship increases stock health and reproductive capacity; early warning and information systems enable behavioral/operational adjustments to climate variability; spatial protections safeguard critical habitats and recruitment areas.  
3) Climate-relevant outcome: Lower climate risk to fisheries productivity and coastal livelihoods (greater resilience, fewer losses during climate shocks, improved food security and income stability).","The single biggest climate-relevant effect is reduced vulnerability of fisheries and fishing communities to climate-driven ecosystem change and shocks, sustaining livelihoods and food security.","1) Dominant causal pathway: Managing fisheries to cope with climate impacts primarily reduces vulnerability (stocks and communities) rather than directly reducing GHG emissions.  
2) Why this primary over alternatives: Although ecosystem protection can incidentally support carbon sequestration and resource efficiency, the core intent and largest effect is maintaining fisheries function under climate change (adaptation/resilience).  
3) Edge cases applied: If a policy within this mechanism were framed mainly around blue-carbon conservation (e.g., mangrove/seagrass carbon sinks) the dominant pathway could shift toward Nature-Based Solutions/mitigation; however, fisheries adaptation and governance measures generally remain adaptation-led.  
4) Confirm primary applies to ALL instances sharing this mechanism: Any policy that strengthens fisheries management specifically to sustain stocks/livelihoods amid changing conditions operates chiefly by reducing climate vulnerability and increasing adaptive capacity.  
5) Secondary subtype assignment deferred: Any mitigation, biodiversity, or efficiency co-benefits (e.g., reduced fuel use from operational changes, habitat carbon benefits) require policy-specific evidence and are not assigned at the mechanism level.",0.87,"Potential overlap with Nature-Based Solutions when fisheries resilience is pursued mainly via habitat restoration/protection explicitly for carbon sinks (blue carbon), and with Mitigation if measures target large reductions in fleet fuel use; absent those dominant framings, classification remains Adaptation.",planning-strategy,enabling,direct,"“Adaptation strategies of the fisheries sector”; “Strengthen the capacity… for research monitoring and enforcement”; “Set up robust monitoring, reporting, and verification system”; “Identify, map, and protect areas valuable for fisheries… marine protected areas”; “regulatory measures to reduce… pollution… destructive fishing practices”; “Integrate fisheries fully into climate change adaptation and food security policies”; “establishment of early warning systems”; “Regulate fishing practices to prevent overexploitation”","Biodiversity conservation and habitat protection (marine protected areas); improved water quality (reducing land-based pollution); livelihoods and poverty reduction (training, alternative livelihoods); improved fisheries sustainability/stock health (overexploitation controls); public health benefits via reduced pollution.","The excerpt bundles multiple instrument types (regulatory measures, investments/support, information systems). Classified by the dominant framing as a sector “adaptation strategy” (planning-strategy), though several bullets could individually be coded as regulatory-mandate, infrastructure-investment, or incentive-program.",[],True,matched token: 'resilien',True,no typology code,"Liberia will implement proposed adaptation strategies through sectoral strategies under the NAP Process for priority sectors (agriculture, coastal zones, forestry, energy, waste management, fisheries) and cross-cutting sectors (water resources, biodiversity)."
0,parent_with_subs,sub,land_use,5.2.5. Forestry Sector,Forestry adaptation strategy: strengthen FDA capacity and logistics; implement sustainable/alternative livelihoods for forest-dependent communities; promote community forest activities beyond timber extraction; establish comprehensive forest (including NTFPs) monitoring; implement reforestation/afforestation in degraded areas; map and manage forest water catchments; consolidate protected area networks with landscape connectivity; strengthen coordination with other agencies; enforce anti-poaching regulations and a wildlife code of ethics; and implement communication strategies to raise awareness on climate impacts and adaptation.,"Liberia will implement proposed adaptation strategies through sectoral strategies under the NAP Process for priority sectors (agriculture, coastal zones, forestry, energy, waste management, fisheries) and cross-cutting sectors (water resources, biodiversity).",structural header,"Table 31: Adaptation strategies of the forestry sector

• Strengthen the capacity of the FDA, including training of experts and logistics for forest management
• Implement sustainable and, where applicable alternative livelihood initiatives for forest-dependent communities...
• Promote community forest activities beyond timber extraction...
• Establish a comprehensive monitoring system for forest resources...
• Implement reforestation and afforestation activities in degraded areas...
• Identify and map for proper management of water catchment areas in forests...
• Promote the consolidation of protected area network...
• Enforce regulations related to illegal hunting...
• Develop and implement a communication strategy to increase the awareness...","Explicit sector strategy with multiple specific interventions including capacity, monitoring, restoration, protected areas, enforcement, and outreach.",Liberia,No vulnerability context provided,Liberia::d442a8d2f66f65c3961fa54b,Liberia::d442a8d2f66f65c3961fa54b,False,False,afforestation_reforestation → ecosystem_and_carbon_restoration,Implementing reforestation and afforestation in degraded areas restores forest ecosystems and increases carbon storage while improving resilience to climate impacts.,None,0.0,None,None,"evidence quote missing one of: [hazard, exposure, vulnerab, resilien, ...]; evidence quote missing secondary subtype token: [hazard, exposure, vulnerab, resilien, ...]",guide_secondary_typology_v1,policy_text_evidence_gated,explicit_self,no,Nature-Based Solutions,Ecosystem restoration (tree establishment) → ↑ carbon sequestration + ↑ carbon stocks → ↓ atmospheric CO₂ concentration → ↓ radiative forcing,"(1) Human activity/system changed: Land management shifts degraded/cleared land toward forest cover via planting, assisted natural regeneration, protection from fire/grazing/illegal harvest, and improved forest stewardship.  
(2) Mediating physical/ecological process: Photosynthesis increases net primary productivity, accumulating carbon in aboveground biomass, roots, deadwood/litter, and (over longer periods) soils; reduced degradation can also lower ongoing emissions from biomass loss.  
(3) Climate-relevant outcome: Net GHG mitigation via CO₂ drawdown and avoided emissions from continued ecosystem degradation; additional local adaptation co-benefits (e.g., hydrologic regulation, reduced erosion/landslide risk, moderated heat) may occur but are secondary to carbon restoration for this mechanism.",The single biggest climate-relevant effect is net CO₂ removal and storage through increased forest biomass (and associated soil carbon gains) from afforestation/reforestation.,"1) Dominant causal pathway: Establishing/restoring forests increases biological carbon sequestration and long-lived carbon stocks, leading to lower atmospheric CO₂.  
2) Why this primary over alternatives: While these policies often cite “resilience” or “adaptation,” the most direct and generally largest climate effect that applies across the mechanism is carbon restoration (a nature-based mitigation pathway). It is not primarily “Resource Efficiency” (not about delivering the same service with less resource/energy) and not primarily “Adaptation” because hazard/exposure reduction is not the single dominant climate effect for all instances.  
3) Edge cases applied: Some afforestation can reduce surface albedo or water availability and some projects may fail (reversal risk), affecting net climate benefit; nevertheless, the mechanism is still fundamentally ecosystem-based carbon restoration. If a specific policy were solely for risk reduction (e.g., shelterbelts for wind/erosion) with negligible carbon intent/impact, it might warrant different categorization—but that would be a different mechanism definition.  
4) Confirm primary applies to ALL instances sharing this mechanism: Any policy that fits “afforestation/reforestation → ecosystem and carbon restoration” inherently targets forest ecosystem recovery and increased carbon stocks, making Nature-Based Solutions the consistent primary category.  
5) Secondary subtype assignment deferred: Whether a given policy is best evidenced as primarily mitigation-focused vs adaptation-co-benefit-rich (and details like MRV rigor, permanence safeguards, species choice) should be assigned at the policy level based on text and implementation evidence.",0.9,"Potential net-climate ambiguity from albedo changes, species selection (monocultures vs native), permanence/reversal risks (fire, pests, illegal logging), leakage/displacement of land use, and water-balance impacts; some programs may emphasize adaptation outcomes, but the shared mechanism’s dominant pathway remains carbon sequestration via ecosystem restoration.",planning-strategy,enabling,direct,“Adaptation strategies of the forestry sector”; “Strengthen the capacity”; “Implement reforestation and afforestation”; “Establish a comprehensive monitoring system”; “Identify and map…water catchment areas”; “consolidation of protected area network”; “Enforce regulations related to illegal hunting”; “communication strategy to increase the awareness…climate impacts and adaptation”,"Biodiversity conservation (anti-poaching, protected area connectivity); watershed services/water quality (catchment mapping/management); rural livelihoods/poverty reduction (alternative livelihoods); governance strengthening (agency capacity/coordination); reduced soil erosion/land degradation","Contains a mix of instrument flavors (regulatory enforcement, infrastructure/logistics, information/communications), but presented as an overarching strategy table rather than discrete binding mandates or budgeted investments; classified at the document’s dominant level as planning-strategy.",[],True,matched token: 'ecosystem',True,no typology code,"Liberia will implement proposed adaptation strategies through sectoral strategies under the NAP Process for priority sectors (agriculture, coastal zones, forestry, energy, waste management, fisheries) and cross-cutting sectors (water resources, biodiversity)."
0,parent_with_subs,sub,waste,5.2.6. Waste Management Sector,Waste management adaptation/mitigation strategy: strengthen community and institutional capacity for integrated waste management; develop an integrated waste management strategy prioritizing waste prevention and low-GHG technologies compatible with methane capture for electricity; promote PPP financing for waste infrastructure; implement composting to convert urban waste into inputs for agriculture; and develop landfills for major cities including methane recovery and power generation using CDM and NAMAs.,"Liberia will implement proposed adaptation strategies through sectoral strategies under the NAP Process for priority sectors (agriculture, coastal zones, forestry, energy, waste management, fisheries) and cross-cutting sectors (water resources, biodiversity).",structural header,"Table 42: Adaptation strategies of the waste management sector

• Strengthen capacity at the community and institutional level for integrated waste management.
• Develop an integrated waste management strategy and system for all types of waste, assigning priority to prevent waste generation with nationally appropriate low greenhouse gas emission technologies... compatible with methane capture and use for electricity generation.
• Promote private-public partnership (PPP)...
• Design and implement a system to run urban waste into input for agricultural production through composting...
• Develop landfills for all major cities and use the Clean Development Mechanism (CDM) and Nationally Appropriate Mitigation Actions (NAMAs)to develop methane recovery and power generation projects in landfills.","Lists concrete policy/program actions with specific mechanisms (PPP, composting, landfills, methane capture, CDM/NAMAs).",Liberia,No vulnerability context provided,Liberia::18c1400cd26f11197e240421,Liberia::18c1400cd26f11197e240421,False,False,cogeneration_waste_to_energy → fossil_generation_displacement_and_methane_capture,"The strategy develops landfills with methane recovery and electricity generation so landfill methane is captured and used for power, reducing methane emissions and displacing fossil electricity.",None,0.0,None,None,evidence_quote not substring-grounded in source,guide_secondary_typology_v1,policy_text_evidence_gated,explicit_self,yes,Mitigation,Waste decomposition / wastewater treatment → ↑ methane capture + methane combustion/use → ↓ CH₄ emissions (and ↓ fossil generation) → ↓ net GHG emissions → ↓ atmospheric forcing,"1) Change in human activity/system: Install/upgrade landfill gas collection wells, piping, blowers, and gas treatment; or capture biogas at wastewater plants; route the gas to engines/turbines/boilers for combined heat and power (CHP) or electricity export, sometimes using recovered heat on-site.  
2) Mediating physical process: Anaerobic decomposition produces CH₄; collection systems intercept CH₄ that would otherwise vent/fugitive-emit; controlled combustion converts CH₄ to CO₂ (lower climate impact per unit carbon) and produces useful energy; generated energy can displace grid electricity/thermal energy that would otherwise come from fossil fuels.  
3) Climate-relevant outcome: Net reduction in CO₂e emissions from (a) avoided methane emissions and (b) avoided fossil CO₂ from displaced generation (net of any project energy use/leakage).",The single biggest climate-relevant effect is avoided GHG emissions through methane capture and utilization (plus fossil energy displacement).,"1) Dominant causal pathway: The mechanism acts through capturing methane and using it for energy, which directly lowers net GHG emissions; this is a classic mitigation pathway.  
2) Why this primary over alternatives: Although it can improve operational resilience/energy self-sufficiency (adaptation co-benefit) and can be framed as “resource recovery,” the largest climate effect is emissions reduction (CH₄ avoidance + fossil displacement), not reduced exposure to hazards or general efficiency absent emissions impacts.  
3) Edge cases applied: If gas is merely flared, mitigation still occurs via methane destruction; if energy displacement is minimal (e.g., off-grid with already-renewable supply), methane avoidance remains the dominant mitigation effect. If capture rates are poor or leakage is high, benefits can be reduced, but the intended and typical dominant pathway remains mitigation.  
4) Confirm applies to ALL instances sharing this mechanism: Any policy defined by “waste-to-energy cogeneration with methane capture” necessarily targets methane destruction/utilization and therefore primarily delivers mitigation via reduced CO₂e.  
5) Secondary subtype assignment deferred: Whether a specific policy instance should be tagged additionally as Resource Efficiency (energy recovery), Adaptation (critical facility power), or circular economy is policy- and context-dependent and requires policy-level evidence beyond the shared mechanism.",0.9,"Some representative examples reference wastewater plant cogeneration; if the feedstock is primarily digester biogas rather than landfill gas, the same mitigation logic applies. Net mitigation can be sensitive to methane leakage, baseline grid carbon intensity, and whether the project induces additional waste landfilling (which could offset benefits); those are implementation-specific and do not change the mechanism’s primary classification.",planning-strategy,enabling,direct,“Develop an integrated waste management strategy”; “priority to prevent waste generation with nationally appropriate low greenhouse gas emission technologies”; “compatible with methane capture and use for electricity generation”; “Promote private-public partnership (PPP)”; “Develop landfills… use the Clean Development Mechanism (CDM) and… NAMAs to develop methane recovery and power generation projects”,Public health and sanitation improvements; reduced local air/water pollution; agricultural soil productivity benefits from composting; job creation in waste services; renewable/dispatchable electricity supply.,"Multi-instrument package (capacity building, PPP financing, composting, landfill development, carbon finance via CDM/NAMAs). Could also be coded as infrastructure-investment or incentive-program if the document specified committed funding, concrete build targets, or crediting/financial terms; here it remains framed as “develop/promote” strategy elements, so planning-strategy is the best fit.",[],True,matched token: 'ghg',True,no typology code,"Liberia will implement proposed adaptation strategies through sectoral strategies under the NAP Process for priority sectors (agriculture, coastal zones, forestry, energy, waste management, fisheries) and cross-cutting sectors (water resources, biodiversity)."
