initiative_name,parent_statement,sector,num_sub_actions,coverage_score,coverage_assessment,coherence_score,coherence_assessment,aggregate_measurability,has_implementation_pathway,inherited_binding_mechanism,inherited_spatial_scope,parent_row_type,weak_signals,strong_signals,initiative_result,confidence_score,initiative_reasoning,final_verdict,sub_assessments,subs_strong,subs_moderate,subs_weak
"APPROACH 1: BENCHMARK, RETUNE, AND RETROFIT EXISTING BUILDINGS","Approach 1: Benchmark, retune, and retrofit existing buildings to reduce emissions from energy use in buildings.",Buildings,7,0.75,"The sub-actions collectively address the parent goal of benchmarking and improving performance of existing buildings through benchmarking (Action 1), retrofits (Action 2), and a policy mechanism for large buildings (Action 3). Some supporting elements (weatherization expansion, incentives, QA role, and master plan update) strengthen delivery, but several lack explicit scale/timing, and non-residential retrofit depth beyond benchmarking/retuning is not clearly quantified.",0.8,"The actions are complementary: benchmark first, adopt an ordinance to institutionalize benchmarking/retuning for large buildings, and implement retrofits and assistance programs supported by incentives and QA. The QA verifier role logically supports ordinance implementation; the electricity master plan update is related but more indirectly tied to benchmarking/retrofitting and lacks linkage details.",Yes,Yes,No,Yes,structural header,"No deadlines for Actions 3–7, No quantified outcomes/scales for Actions 3–7 (beyond adopting/expanding/offering/updating language)","Benchmark 1.3 billion square feet by 2026, Retrofit 167,500 homes by 2030, Reduce energy costs 28%, Communitywide scope, Adopt Building Performance Ordinance",SOUND,0.78,"1) The initiative aims to reduce building energy emissions by measuring performance (benchmarking), improving operations (retuning), and completing retrofits—especially in LMI housing—supported by an ordinance and programmatic enablers. 2) Sub-action strength mix: 2 strong (Actions 1–2), 5 moderate (Actions 3–7), 0 weak. 3) The parent/header provides sector focus (existing buildings) and an implicit communitywide orientation reinforced explicitly in Actions 1 and 3, but it does not itself state a binding legal mechanism; binding authority is introduced only via the ordinance sub-action. 4) Coverage is high because the cluster includes both measurable deliverables (benchmarking and retrofits) and enabling mechanisms (ordinance, QA, incentives, weatherization), though several enabling actions lack timelines/metrics and the electricity master plan update is not clearly tied to specific retrofit/benchmark outcomes. 5) Coherence is strong: benchmarking + ordinance + QA + incentives/weatherization form a plausible delivery chain, with the master plan as a supportive planning element. Applying the SOUND rule: coverage_score (0.75) >= 0.6, coherence_score (0.8) >= 0.5, aggregate_measurability is Yes, at least half of subs are strong/moderate (7/7), and at least one sub is strong (Actions 1–2). Therefore, the initiative is SOUND and worth keeping.",True,"[{'action_label': 'Action 1: Benchmark 1.3 billion square feet of communitywide buildings by 2026.', 'has_quantifiable_target': 'Yes', 'has_timeline': 'Yes', 'is_concrete_action': 'Yes', 'strength': 'strong'}, {'action_label': 'Action 2: Retrofit 167,500 homes by 2030 to reduce energy costs 28%, prioritizing LMI homes.', 'has_quantifiable_target': 'Yes', 'has_timeline': 'Yes', 'is_concrete_action': 'Yes', 'strength': 'strong'}, {'action_label': 'Action 3: Adopt a Building Performance Ordinance to ensure benchmarking and retuning of large existing buildings community-wide.', 'has_quantifiable_target': 'No', 'has_timeline': 'No', 'is_concrete_action': 'Yes', 'strength': 'moderate'}, {'action_label': 'Action 4: Expand weatherization assistance through repairs and upgrades in LMI housing.', 'has_quantifiable_target': 'No', 'has_timeline': 'No', 'is_concrete_action': 'Yes', 'strength': 'moderate'}, {'action_label': 'Action 5: Create a Quality Assurance Verifier position to support the Building Performance Ordinance.', 'has_quantifiable_target': 'No', 'has_timeline': 'No', 'is_concrete_action': 'Yes', 'strength': 'moderate'}, {'action_label': 'Action 6: Offer monetary and/or non-monetary incentives to promote building retrofits, starting with LMI buildings.', 'has_quantifiable_target': 'No', 'has_timeline': 'No', 'is_concrete_action': 'Yes', 'strength': 'moderate'}, {'action_label': ""Action 7: Update Miami-Dade County Government's Electricity Master Plan."", 'has_quantifiable_target': 'No', 'has_timeline': 'No', 'is_concrete_action': 'Yes', 'strength': 'moderate'}]",2,5,0
APPROACH 2: EXPAND ON-SITE AND OFF-SITE RENEWABLE ENERGY GENERATION,Approach 2: Expand on-site and off-site renewable energy generation.,Energy,8,0.8,"The sub-actions directly advance expansion of on-site solar (County facilities; commercial/residential rooftops) and indirectly support off-site/utility-scale renewables via participation in utility-scale programs. Enabling measures (loan fund, solar-ready requirement, soft-cost reductions, feasibility-study completion, NREL agreement) support deployment, so the cluster largely covers the parent goal; the main gap is the lack of a quantified target for the off-site/utility-scale portion.",0.85,"The package is complementary: Actions 1–2 set clear deployment outcomes by 2030, while Actions 4–7 address delivery enablers (pipeline from feasibility study, financing, codes/standards, and soft costs) and Action 8 adds technical partnership support. There is minor overlap between Actions 1 and 4 (both relate to County-building solar), but they are not contradictory and can be interpreted as reinforcing implementation.",Yes,Yes,No,Yes,structural header,"No deadlines for 6 of 8 sub-actions, vague verbs ('maximize participation', 'cut soft costs'), no quantified target for utility-scale renewables participation","Two explicit capacity targets with deadlines (61,725 kW by 2030; 794,000 kW by 2030), concrete deployment on County assets and commercial/residential buildings, solar-ready requirement, loan fund/financial mechanisms, feasibility-study-linked buildout",SOUND,0.7,"1) The initiative aims to expand renewable energy generation by deploying substantial solar capacity on County assets and across commercial/residential buildings, while using enabling measures (financing, standards, cost reduction, partnerships, and program participation) to accelerate adoption. 2) Sub-action strength count: strong = 2 (Actions 1–2), moderate = 4 (Actions 4–6, 8), weak = 2 (Actions 3, 7). 3) The parent header provides sector focus and an implied Countywide scope (reinforced by explicit references to County buildings and Miami-Dade County), but it does not state an enforceable ordinance/regulatory mechanism that would bind all actions. 4) Coverage is high because the major on-site deployment is quantified and time-bound, and the remaining actions address delivery levers; the main omission is a measurable, time-bound off-site/utility-scale outcome. Coherence is strong because targets, feasibility-driven implementation, financing, solar-ready requirements, and partnerships are logically supportive with only minor overlap between County-installation actions. 5) Applying the soundness rule: coverage_score (0.8) >= 0.6, coherence_score (0.85) >= 0.5, aggregate_measurability = Yes (due to Actions 1–2), more than half of subs are strong/moderate (6/8), and at least one sub is strong (two are). Therefore the initiative is SOUND, and with moderate-high evidence strength the confidence is 0.7, yielding final_verdict = True.",True,"[{'action_label': 'Action 1: Install 61,725 kW solar by 2030 on County buildings/land/water', 'has_quantifiable_target': 'Yes', 'has_timeline': 'Yes', 'is_concrete_action': 'Yes', 'strength': 'strong'}, {'action_label': 'Action 2: Install 794,000 kW solar by 2030 on commercial and residential buildings', 'has_quantifiable_target': 'Yes', 'has_timeline': 'Yes', 'is_concrete_action': 'Yes', 'strength': 'strong'}, {'action_label': 'Action 3: Maximize participation in utility-scale renewable energy programs', 'has_quantifiable_target': 'No', 'has_timeline': 'No', 'is_concrete_action': 'No', 'strength': 'weak'}, {'action_label': 'Action 4: Complete installation of solar on County buildings identified in Solar Feasibility Study Phase 2', 'has_quantifiable_target': 'No', 'has_timeline': 'No', 'is_concrete_action': 'Yes', 'strength': 'moderate'}, {'action_label': 'Action 5: Establish Solar Energy Loan Fund and similar financial mechanisms in Miami-Dade County', 'has_quantifiable_target': 'No', 'has_timeline': 'No', 'is_concrete_action': 'Yes', 'strength': 'moderate'}, {'action_label': 'Action 6: Require new County buildings to be solar ready', 'has_quantifiable_target': 'No', 'has_timeline': 'No', 'is_concrete_action': 'Yes', 'strength': 'moderate'}, {'action_label': 'Action 7: Cut soft costs for installing on-site solar energy', 'has_quantifiable_target': 'No', 'has_timeline': 'No', 'is_concrete_action': 'No', 'strength': 'weak'}, {'action_label': 'Action 8: Execute agreement with DOE/NREL to pursue projects to reduce GHG emissions', 'has_quantifiable_target': 'No', 'has_timeline': 'No', 'is_concrete_action': 'Yes', 'strength': 'moderate'}]",2,4,2
APPROACH 3: BUILD ULTRA-LOW ENERGY BUILDINGS,Approach 3: Build ultra-low energy buildings.,Buildings,6,0.75,"The sub-actions collectively address the parent goal of building ultra-low energy buildings by combining outcome targets for new buildings (overall and County-owned) with enabling steps (code transition, an exemplar project, incentives, and embodied-carbon policy/program development). A gap is that most enabling actions lack timelines/metrics, and the initiative does not specify how ULE/NZE standards will be enforced for private new construction beyond the high-level 20% reduction target.",0.85,"The sub-actions are complementary: performance targets (Actions 1–2) are supported by delivery mechanisms (code transition steps, incentives) and operationalization (planning the first ULE/NZE County building). Embodied carbon (Action 6) broadens the approach but remains logically related to new construction impacts; no internal contradictions or timeline conflicts are present.",Yes,Yes,No,No,structural header,"Identify steps, Plan for, Offer incentives (no amounts/uptake targets), Assess embodied carbon (no baseline/target), create policies and programs (no deadline)","20% reduction by 2030 below 2020 levels, all new County buildings ULE by 2030",PARTIAL,0.6,"1) The initiative aims to improve performance of new buildings by driving ultra-low energy construction and moving toward net-zero ready standards, while also addressing embodied carbon. 2) Sub-action strength mix: 1 strong (Action 1), 3 moderate (Actions 2, 5, 6), and 2 weak (Actions 3, 4). 3) The parent functions as a thematic header and does not add binding authority or a clear inherited spatial scope; therefore weaker subs remain process-oriented rather than enforceable commitments. 4) Coverage is good because the cluster includes outcome targets plus delivery supports (code pathway, incentives, exemplar project, and embodied-carbon policy), though several items lack timelines/metrics, creating implementation detail gaps. Coherence is high because the elements fit together without conflict and plausibly sequence from targets to code/incentives and a first project. 5) Applying the soundness rule: aggregate measurability is Yes due to Actions 1–2 having explicit 2030 deadlines and Action 1 having a numeric target; at least half of subs are strong/moderate (4/6) and at least one is strong. However, the initiative is rated PARTIAL rather than SOUND because many enabling actions are underspecified (no deadlines/metrics) and no binding mechanism is stated for code changes or private-sector compliance. Final verdict is True because the result is PARTIAL and confidence is ≥ 0.55.",True,"[{'action_label': 'Action 1: Reduce energy use of new buildings 20% by 2030 below 2020 levels.', 'has_quantifiable_target': 'Yes', 'has_timeline': 'Yes', 'is_concrete_action': 'Yes', 'strength': 'strong'}, {'action_label': 'Action 2: All new County buildings will be Ultra-Low Energy by 2030.', 'has_quantifiable_target': 'No', 'has_timeline': 'Yes', 'is_concrete_action': 'Yes', 'strength': 'moderate'}, {'action_label': 'Action 3: Identify steps to transition to a net-zero ready code.', 'has_quantifiable_target': 'No', 'has_timeline': 'No', 'is_concrete_action': 'No', 'strength': 'weak'}, {'action_label': 'Action 4: Plan for the first Ultra-Low Energy (ULE) or Net Zero Energy (NZE) County building.', 'has_quantifiable_target': 'No', 'has_timeline': 'No', 'is_concrete_action': 'No', 'strength': 'weak'}, {'action_label': 'Action 5: Offer monetary and/or non-monetary incentives to promote construction of ULE or NZE buildings.', 'has_quantifiable_target': 'No', 'has_timeline': 'No', 'is_concrete_action': 'Yes', 'strength': 'moderate'}, {'action_label': 'Action 6: Assess embodied carbon in new construction and create policies and programs to reduce it.', 'has_quantifiable_target': 'No', 'has_timeline': 'No', 'is_concrete_action': 'Yes', 'strength': 'moderate'}]",1,3,2
APPROACH 4: REDUCE TRANSPORTATION-RELATED FUEL CONSUMPTION,Approach 4: Reduce transportation-related fuel consumption.,Transport,10,0.85,"The sub-actions collectively address the parent goal of reducing transportation-related fuel consumption through mode shift (Action 1), electrification (Actions 2–3), operational emissions cuts at major facilities (Action 4), demand reduction via telecommuting (Action 5), and infrastructure/safety/transit measures that enable sustained mode shift (Actions 6–8). A remaining gap is that several infrastructure/implementation items lack explicit delivery timelines or quantified outcomes in this text, which may make it harder to attribute fuel reductions beyond the 2030 target items.",0.8,"The package is coherent: it combines near-term outcome targets (2030 mode shift/EV/operations emissions) with enabling programs and infrastructure (bike/ped master plan, Complete Streets/Vision Zero, premium transit) that support achieving those targets. There is some overlap between mode-shift actions (1, 6, 7, 8) but it is complementary (planning + safety + transit deployment), not contradictory.",Yes,Yes,No,Yes,structural header,"Several actions lack explicit deadlines (5, 6, 7, 8, 9, 10), process-only language ('design', 'explore', 'analysis') in Actions 5 and 9",Multiple quantified 2030 targets (10% mode shift; 80% light fleet & 50% buses electrified; 30% community EVs; 50% MIA/PortMiami operations emissions reduction),SOUND,0.78,"1) Objective: reduce transportation-related fuel consumption via quantified 2030 outcomes (mode shift, fleet and community electrification, and major facility operational emissions cuts) supported by enabling infrastructure/program actions (telecommuting, bike/ped plan, Complete Streets/Vision Zero, transit deployment, airport anti-idling tech) and one analysis item.
2) Strength mix (10 subs): strong = 4 (Actions 1–4), moderate = 4 (6–8, 10), weak = 2 (5, 9). More than half are strong/moderate, and there are multiple strong actions.
3) Parent context: the parent provides clear thematic scope (transport fuel reduction) and the geographic/institutional context is implicit in Miami-Dade/County references across subs, but the header does not state an enforceable binding mechanism (no ordinance/mandate language), so weaker subs are not “rescued” by binding authority.
4) Coverage/coherence: Coverage is high because the cluster spans the main transport decarbonization levers (demand reduction, mode shift, electrification, operational efficiency at airport/port). Coherence is strong because enabling actions plausibly support the quantified 2030 targets; overlaps among mode-shift enablers are complementary.
5) Soundness rule: coverage_score (0.85) >= 0.6, coherence_score (0.8) >= 0.5, aggregate_measurability = Yes (several numeric 2030 targets), at least half of subs are strong/moderate (8/10), and at least one sub is strong (4). Therefore the initiative is SOUND and worth keeping.",True,"[{'action_label': 'Action 1: Shift 10% of transportation mode away from single-occupant vehicles by 2030', 'has_quantifiable_target': 'Yes', 'has_timeline': 'Yes', 'is_concrete_action': 'Yes', 'strength': 'strong'}, {'action_label': 'Action 2: Electrify the County fleet by 2030: 80% of light vehicles and 50% of buses', 'has_quantifiable_target': 'Yes', 'has_timeline': 'Yes', 'is_concrete_action': 'Yes', 'strength': 'strong'}, {'action_label': 'Action 3: Transition 30% of communitywide vehicles to electric power by 2030', 'has_quantifiable_target': 'Yes', 'has_timeline': 'Yes', 'is_concrete_action': 'Yes', 'strength': 'strong'}, {'action_label': 'Action 4: Reduce GHG emissions from Miami International Airport and PortMiami operations by 50% by 2030', 'has_quantifiable_target': 'Yes', 'has_timeline': 'Yes', 'is_concrete_action': 'Yes', 'strength': 'strong'}, {'action_label': 'Action 5: Design an Alternative Workplace Solutions policy/program to maintain/expand telecommuting and explore encouraging other employers', 'has_quantifiable_target': 'No', 'has_timeline': 'No', 'is_concrete_action': 'No', 'strength': 'weak'}, {'action_label': 'Action 6: Implement the Miami-Dade 2045 Bicycle/Pedestrian Master Plan', 'has_quantifiable_target': 'No', 'has_timeline': 'No', 'is_concrete_action': 'Yes', 'strength': 'moderate'}, {'action_label': 'Action 7: Implement Complete Streets and Vision Zero pedestrian and cyclist safety programs', 'has_quantifiable_target': 'No', 'has_timeline': 'No', 'is_concrete_action': 'Yes', 'strength': 'moderate'}, {'action_label': 'Action 8: Rapidly deploy premium public transit solutions along SMART Plan corridors to increase ridership and mode shift', 'has_quantifiable_target': 'No', 'has_timeline': 'No', 'is_concrete_action': 'Yes', 'strength': 'moderate'}, {'action_label': 'Action 9: Complete a light fleet electrification analysis to guide replacement with BEVs', 'has_quantifiable_target': 'No', 'has_timeline': 'No', 'is_concrete_action': 'No', 'strength': 'weak'}, {'action_label': 'Action 10: Install Visual Guidance Docking System (VGDS) at airports to reduce aircraft idling', 'has_quantifiable_target': 'No', 'has_timeline': 'No', 'is_concrete_action': 'Yes', 'strength': 'moderate'}]",4,4,2
APPROACH 5: EXPAND AND PROTECT GREEN AND BLUE SPACES,Approach 5: Expand and protect green and blue spaces.,AFOLU,4,0.7,"The sub-actions collectively address the parent goal of expanding/protecting green and blue spaces through (1) communitywide canopy expansion, (2) County-facility canopy requirements across the UDB boundary, (3) increased preserved natural habitat, and (4) mitigation to ensure development yields net green infrastructure gains. A notable gap is that habitat-doubling and the mitigation policy lack quantified baselines/definitions and/or clear end dates, which limits full coverage in a trackable way.",0.8,"The package is coherent and non-contradictory: canopy targets operate at two scales (communitywide and County facilities), while habitat preservation and mitigation address land protection and development impacts. The main coherence weakness is that Actions 3 and 4 are less specified, so they are harder to integrate into a single monitoring framework alongside the 2030 canopy goals.",Yes,Yes,No,Yes,structural header,"No timeline for habitat doubling, mitigation policy lacks explicit numeric net-gain requirement or adoption deadline","Two explicit canopy coverage targets (30% communitywide by 2030; County facilities ≥30% within UDB and ≥50% outside UDB by 2030), defined UDB spatial delineation (per 2013 delineation), habitat acreage doubling commitment, net increase requirement for green infrastructure tied to project completion",PARTIAL,0.72,"1) Objective: expand and protect green/blue spaces via increased tree canopy, stronger County-facility canopy performance, expanded preserved habitat, and development mitigation that yields net green infrastructure gains. 2) Strength mix: 2 strong (Actions 1–2), 2 moderate (Actions 3–4), 0 weak. 3) Parent context: provides thematic framing and some spatial/institutional scope (community-wide; County facilities; UDB boundary), but does not supply a binding mechanism (no ordinance/mandate cited) that would elevate enforceability. 4) Coverage/coherence: coverage is solid across canopy + preservation + development impacts (0.7) and actions are complementary (0.8), but Actions 3–4 are under-specified (no timeline/baseline for doubling; no numeric mitigation standard/adoption date). 5) Soundness rule: aggregate measurability is 'Yes' and there are strong sub-actions, but the initiative is rated PARTIAL because not all elements are fully measurable/dated even though the overall plan is actionable and trackable in part.",True,"[{'action_label': 'Action 1: Expand community-wide tree canopy to 30% coverage by 2030.', 'has_quantifiable_target': 'Yes', 'has_timeline': 'Yes', 'is_concrete_action': 'Yes', 'strength': 'strong'}, {'action_label': 'Action 2: County facilities canopy coverage (≥30% within UDB; ≥50% outside UDB) by 2030.', 'has_quantifiable_target': 'Yes', 'has_timeline': 'Yes', 'is_concrete_action': 'Yes', 'strength': 'strong'}, {'action_label': 'Action 3: Double total non-wetland acreage of natural habitat in preservation.', 'has_quantifiable_target': 'Yes', 'has_timeline': 'No', 'is_concrete_action': 'Yes', 'strength': 'moderate'}, {'action_label': 'Action 4: Develop mitigation policy to ensure County-approved development results in net increase to green infrastructure by completion date.', 'has_quantifiable_target': 'No', 'has_timeline': 'No', 'is_concrete_action': 'Yes', 'strength': 'moderate'}]",2,2,0
APPROACH 6: CONVERT WASTE TO ENERGY,Approach 6: Convert waste to energy.,Waste,6,0.85,"The sub-actions collectively cover the parent goal of converting waste to energy via wastewater cogeneration (Actions 1 & 5), garbage-to-energy conversion and a new facility (Actions 2 & 4), and landfill gas capture (Action 6). Recycling/contamination reduction (Action 3) complements the system but is not explicitly tied to an energy conversion metric and lacks a deadline.",0.8,"The actions are complementary and mutually reinforcing: they target the main waste-energy pathways (wastewater biogas, MSW-to-energy, landfill gas) and include enabling system efficiency via recycling/contamination reduction. There is minor overlap between Actions 1 and 5 (both wastewater cogeneration), but they can be interpreted as separate performance targets or phased upgrades rather than contradictory items.",Yes,Yes,No,No,structural header,"No timeline for 4 of 6 sub-actions, several actions lack explicit measurable outcome (new facility, landfill gas collection)","2030 deadlines (Actions 1–2), numeric output targets (48 GWh/year, 50% conversion, +10% recycling, halve contamination, 9.6 MW), concrete infrastructure upgrades/build",SOUND,0.78,"The initiative aims to increase energy recovery from the waste system by expanding/strengthening cogeneration at wastewater plants, converting a portion of residual garbage to energy, improving recycling quality/quantity, building a new electricity-from-waste facility with onsite solar, and capturing more landfill gas. Sub-action strength mix: 2 strong (Actions 1–2), 4 moderate (Actions 3–6), 0 weak; the moderates are generally concrete but often missing timelines and/or explicit performance quantities. The parent header provides sector framing but does not add a binding mechanism or clear scope; however, the cluster remains actionable because multiple subs contain measurable outcomes and two have explicit 2030 deadlines. Coverage is high because the subs address the main waste-to-energy pathways (wastewater, MSW, landfill) plus recycling system performance; coherence is strong with only minor overlap between wastewater cogeneration targets. Applying the initiative soundness rule: coverage_score (0.85) and coherence_score (0.8) exceed thresholds, aggregate measurability is Yes, at least half the subs are strong/moderate, and at least one sub is strong—therefore the initiative is SOUND.",True,"[{'action_label': 'Action 1: Generate 48 GWh/year of electricity from cogeneration at wastewater plants by 2030.', 'has_quantifiable_target': 'Yes', 'has_timeline': 'Yes', 'is_concrete_action': 'Yes', 'strength': 'strong'}, {'action_label': 'Action 2: Convert 50% of non-recycled garbage to energy by 2030.', 'has_quantifiable_target': 'Yes', 'has_timeline': 'Yes', 'is_concrete_action': 'Yes', 'strength': 'strong'}, {'action_label': 'Action 3: Increase recycling rates by 10% and cut non-recyclables contamination in half.', 'has_quantifiable_target': 'Yes', 'has_timeline': 'No', 'is_concrete_action': 'Yes', 'strength': 'moderate'}, {'action_label': 'Action 4: Build a new, more efficient electricity-from-waste facility with onsite solar, designed to charge electric vehicles in the County fleet.', 'has_quantifiable_target': 'No', 'has_timeline': 'No', 'is_concrete_action': 'Yes', 'strength': 'moderate'}, {'action_label': 'Action 5: Upgrade cogeneration at wastewater treatment plants to produce 9.6 megawatts of electricity from biogas.', 'has_quantifiable_target': 'Yes', 'has_timeline': 'No', 'is_concrete_action': 'Yes', 'strength': 'moderate'}, {'action_label': 'Action 6: Upgrade landfill gas collection at the South Dade Landfill.', 'has_quantifiable_target': 'No', 'has_timeline': 'No', 'is_concrete_action': 'Yes', 'strength': 'moderate'}]",2,4,0
APPROACH 7: REDUCE WASTE AND WATER USE,Approach 7: Reduce waste and water use.,Waste,5,0.75,"The sub-actions collectively support the parent goal of reducing waste and water use: two provide quantified per-capita reduction outcomes by 2030, and the others add plausible delivery supports (food rescue, data/characterization, and event waste planning). A remaining gap is lack of detail on how the water reduction target will be achieved (e.g., specific programs, codes, or infrastructure measures).",0.85,"The sub-actions are complementary: they pair clear outcome targets (Actions 1–2) with enabling actions that can drive or measure progress (Actions 3–5). No internal contradictions or timeline conflicts appear, though Actions 3 and 5 would benefit from timelines to better align with the 2030 targets.",Yes,Yes,No,No,structural header,"No binding mechanism stated at parent level, No explicit timelines for Actions 3–5, Several actions lack quantified outcomes","Two quantified per-capita reduction targets (50% landfill waste, 30% water consumption) both by 2030, Requirement for waste reduction plans at large events, Countywide waste characterization study/updates",SOUND,0.78,"1) The initiative aims to reduce waste generation and water use, anchored by two per-capita reduction targets by 2030. 2) Strength mix: 2 strong (Actions 1–2), 3 moderate (Actions 3–5), 0 weak. 3) The parent is a header and does not add binding authority or explicit spatial scope; however, the sub-actions themselves still form a plausible program set (targets + planning + measurement + event requirements). 4) Coverage is strong because the cluster includes both outcome metrics (waste/water) and supporting interventions (food rescue, characterization study, event planning), though water-reduction implementation details are not specified. Coherence is high because the actions reinforce one another without duplication or conflict. 5) Applying the soundness rule: coverage_score (0.75) >= 0.6, coherence_score (0.85) >= 0.5, aggregate_measurability = Yes, at least half the subs are strong/moderate (5/5), and at least one is strong (2). Therefore the initiative is SOUND and worth keeping.",True,"[{'action_label': 'Action 1: Reduce landfill waste per person 50% by 2030.', 'has_quantifiable_target': 'Yes', 'has_timeline': 'Yes', 'is_concrete_action': 'Yes', 'strength': 'strong'}, {'action_label': 'Action 2: Reduce water consumption per person 30% by 2030.', 'has_quantifiable_target': 'Yes', 'has_timeline': 'Yes', 'is_concrete_action': 'Yes', 'strength': 'strong'}, {'action_label': 'Action 3: Create a community-wide food rescue plan in collaboration with community-based organizations, businesses, and farmers.', 'has_quantifiable_target': 'No', 'has_timeline': 'No', 'is_concrete_action': 'Yes', 'strength': 'moderate'}, {'action_label': 'Action 4: Complete a Countywide solid waste characterization study and complete regular updates.', 'has_quantifiable_target': 'No', 'has_timeline': 'No', 'is_concrete_action': 'Yes', 'strength': 'moderate'}, {'action_label': 'Action 5: Require waste reduction plans for all large events.', 'has_quantifiable_target': 'No', 'has_timeline': 'No', 'is_concrete_action': 'Yes', 'strength': 'moderate'}]",2,3,0
