cluster_id,cluster_type,role,sector,section_header,policy_statement,parent_statement,parent_row_type,verbatim_text,extraction_rationale,location,location_vulnerability_context,row_key,source_bundle_key,is_atomized_row,is_decomposed,canonical_mechanism,mechanism_description,typology_code,typology_confidence,typology_evidence_quote,secondary_categories,gate_demoted_reason,classification_schema_version,secondary_profile,climate_screen,is_financial_instrument,primary_category,primary_causal_pathway,causal_mechanism_detail,dominant_pathway_test,mechanism_classification_reasoning,mechanism_confidence,mechanism_edge_case_notes,instrument_type,instrument_directness,climate_relevance,key_indicators,co_benefits,instance_edge_case_notes,language_violations,primary_gate_passed,primary_gate_reason,secondary_gate_passed,secondary_gate_reason,parent_policy_name,rescue_disposition,rescue_reasoning,rescue_confidence,primary_category_original,primary_category_rescue_corrected,dropped_by_climate_rescue
0,parent_with_subs,parent,land_use,URBAN FORESTRY,Urban Forestry (green infrastructure for heat mitigation): take steps to reduce heat hazards with appropriate green infrastructure.,,standalone parent policy,"Due to notable increases in the urban heat island effect, steps must be taken to reduce heat hazards with appropriate green infrastructure, including:","Introduces an action area with a following list of specific measures, functioning as an umbrella for sub-policies.",Las_Vegas_Nevada_United_States,No vulnerability context provided,Las_Vegas_Nevada_United_States::56b32e7a5189eab17a4ed86b,Las_Vegas_Nevada_United_States::56b32e7a5189eab17a4ed86b,False,False,urban_tree_canopy_expansion → heat_mitigation_and_carbon_sequestration,Steps must be taken to deploy appropriate green infrastructure (such as expanded urban vegetation/tree canopy) to reduce urban heat hazards from the urban heat island effect.,None,0.0,None,None,,guide_secondary_typology_v1,policy_text_evidence_gated,explicit_self,no,Adaptation,Climate hazard (extreme heat) → ↓ urban heat exposure/temperature → ↓ heat morbidity/mortality and heat-related disruption,"1) Change in human activity/system: Cities expand, protect, and better manage urban tree canopy (street trees, parks, riparian corridors, connected green networks), often prioritizing neighborhoods with low canopy and high heat vulnerability.  
2) Mediating physical/ecological processes: Trees provide shade (reducing shortwave radiation on surfaces/people) and evapotranspiration (latent cooling), lowering local air and surface temperatures and improving thermal comfort; secondarily, biomass growth stores carbon in woody tissue and can increase soil carbon.  
3) Climate-relevant outcome: Primary outcome is reduced heat risk (lower exposure and health impacts during heatwaves); secondary outcome is modest net CO₂ removal/storage (and sometimes reduced building cooling demand).",The single biggest climate-relevant effect of policies expanding urban tree canopy is reducing urban heat exposure through shading and evapotranspiration (urban heat mitigation).,"1) Dominant causal pathway: The most direct and typically largest effect is heat mitigation—trees lower urban temperatures and exposure during extreme heat events.  
2) Why this primary over alternatives: Although carbon sequestration is explicitly mentioned, urban tree sequestration is generally smaller and slower relative to the immediate, localized heat-risk reduction benefits; therefore the dominant pathway aligns with Adaptation.  
3) Edge cases applied: If a specific policy were primarily designed/credited as a carbon-offset/removal program with rigorous MRV and carbon accounting as the central objective, Mitigation or Nature-Based Solutions could become primary at the policy level; however, for the shared mechanism “urban canopy expansion for heat mitigation + sequestration,” the heat-risk reduction pathway remains the most consistently dominant across instances.  
4) Confirm applies to ALL instances: Any policy that expands urban tree canopy inherently increases shading/evapotranspiration and thus contributes to heat mitigation, regardless of exact planting location or governance details; hence Adaptation fits all policies sharing this mechanism.  
5) Secondary subtype deferred: Co-benefits (carbon sequestration, energy-demand reduction, biodiversity, stormwater) and the strength of the sequestration claim depend on species choice, survival rates, maintenance, land tenure, and accounting—these should be assigned based on policy-specific evidence in a later step.",0.74,"Some urban tree programs are framed primarily as “urban carbon sinks” or are embedded in carbon-crediting schemes (which could shift the dominant effect toward Mitigation/Nature-Based Solutions for that specific policy). Conversely, if the policy mainly targets biodiversity/green-network connectivity with minimal canopy gain, the mechanism match weakens. Also note potential countervailing effects (maintenance emissions, irrigation energy/water use, biogenic VOCs affecting ozone) are context-dependent and usually do not overturn the primary heat-adaptation pathway.",planning-strategy,enabling,direct,“urban heat island effect”; “reduce heat hazards”; “appropriate green infrastructure”,"Potential air-quality improvement, stormwater management, biodiversity/amenity benefits, and modest carbon sequestration (not explicitly stated in the provided text).","Wording (“steps must be taken”) could be read as a mandate, but without a specified enforceable requirement (e.g., ordinance, minimum canopy standard, or compliance mechanism), it aligns better with a planning/strategy instrument rather than a regulatory mandate.",[],True,matched token: 'hazard',True,no typology code,,,,,,,
0,parent_with_subs,sub,land_use,URBAN FORESTRY,Amend Las Vegas Municipal Code (LVMC) and zoning related to trees.,Urban Forestry (green infrastructure for heat mitigation): take steps to reduce heat hazards with appropriate green infrastructure.,standalone parent policy,"Due to notable increases in the urban heat island effect, steps must be taken to reduce heat hazards with appropriate green infrastructure, including:

- LVMC and zoning amendments for trees",Specific regulatory action listed under the Urban Forestry action area.,Las_Vegas_Nevada_United_States,No vulnerability context provided,Las_Vegas_Nevada_United_States::449701dba319c261f50984c8,Las_Vegas_Nevada_United_States::449701dba319c261f50984c8,False,False,urban_tree_canopy_expansion → heat_mitigation_and_carbon_sequestration,"Amending municipal code and zoning to support tree planting and retention increases urban tree canopy, which helps reduce urban heat hazards and supports carbon sequestration.",None,0.0,None,None,,guide_secondary_typology_v1,policy_text_evidence_gated,explicit_self,no,Adaptation,Climate hazard (extreme heat) → ↓ urban heat exposure/temperature → ↓ heat morbidity/mortality and heat-related disruption,"1) Change in human activity/system: Cities expand, protect, and better manage urban tree canopy (street trees, parks, riparian corridors, connected green networks), often prioritizing neighborhoods with low canopy and high heat vulnerability.  
2) Mediating physical/ecological processes: Trees provide shade (reducing shortwave radiation on surfaces/people) and evapotranspiration (latent cooling), lowering local air and surface temperatures and improving thermal comfort; secondarily, biomass growth stores carbon in woody tissue and can increase soil carbon.  
3) Climate-relevant outcome: Primary outcome is reduced heat risk (lower exposure and health impacts during heatwaves); secondary outcome is modest net CO₂ removal/storage (and sometimes reduced building cooling demand).",The single biggest climate-relevant effect of policies expanding urban tree canopy is reducing urban heat exposure through shading and evapotranspiration (urban heat mitigation).,"1) Dominant causal pathway: The most direct and typically largest effect is heat mitigation—trees lower urban temperatures and exposure during extreme heat events.  
2) Why this primary over alternatives: Although carbon sequestration is explicitly mentioned, urban tree sequestration is generally smaller and slower relative to the immediate, localized heat-risk reduction benefits; therefore the dominant pathway aligns with Adaptation.  
3) Edge cases applied: If a specific policy were primarily designed/credited as a carbon-offset/removal program with rigorous MRV and carbon accounting as the central objective, Mitigation or Nature-Based Solutions could become primary at the policy level; however, for the shared mechanism “urban canopy expansion for heat mitigation + sequestration,” the heat-risk reduction pathway remains the most consistently dominant across instances.  
4) Confirm applies to ALL instances: Any policy that expands urban tree canopy inherently increases shading/evapotranspiration and thus contributes to heat mitigation, regardless of exact planting location or governance details; hence Adaptation fits all policies sharing this mechanism.  
5) Secondary subtype deferred: Co-benefits (carbon sequestration, energy-demand reduction, biodiversity, stormwater) and the strength of the sequestration claim depend on species choice, survival rates, maintenance, land tenure, and accounting—these should be assigned based on policy-specific evidence in a later step.",0.74,"Some urban tree programs are framed primarily as “urban carbon sinks” or are embedded in carbon-crediting schemes (which could shift the dominant effect toward Mitigation/Nature-Based Solutions for that specific policy). Conversely, if the policy mainly targets biodiversity/green-network connectivity with minimal canopy gain, the mechanism match weakens. Also note potential countervailing effects (maintenance emissions, irrigation energy/water use, biogenic VOCs affecting ozone) are context-dependent and usually do not overturn the primary heat-adaptation pathway.",regulatory-mandate,direct,direct,"""urban heat island effect""; ""reduce heat hazards""; ""green infrastructure""; ""LVMC and zoning amendments for trees""","Potential ancillary benefits: air quality improvement, stormwater management, urban biodiversity/habitat, aesthetics/property value, modest carbon sequestration and reduced building cooling demand.","Could also be interpreted as a planning/strategy instrument if the amendments are non-binding guidance; however, “LVMC and zoning amendments” typically implies enforceable code changes, so classified as a regulatory mandate.",[],True,matched token: 'hazard',True,no typology code,Urban Forestry (green infrastructure for heat mitigation): take steps to reduce heat hazards with appropriate green infrastructure.,,,,,,
0,parent_with_subs,sub,land_use,URBAN FORESTRY,"Plant at least 100,000 public and private high-quality native and adaptive trees to increase canopy to 20%.",Urban Forestry (green infrastructure for heat mitigation): take steps to reduce heat hazards with appropriate green infrastructure.,standalone parent policy,"Due to notable increases in the urban heat island effect, steps must be taken to reduce heat hazards with appropriate green infrastructure, including:

- At least 100,000 public and private high quality, native and adaptive trees that increase the canopy are planted to increase the canopy to 20%","Quantified target (100,000 trees; 20% canopy) is a clear, measurable policy commitment.",Las_Vegas_Nevada_United_States,No vulnerability context provided,Las_Vegas_Nevada_United_States::15acfc1cc7bdb47290db01db,Las_Vegas_Nevada_United_States::15acfc1cc7bdb47290db01db,False,False,urban_tree_canopy_expansion → heat_mitigation_and_carbon_sequestration,"Planting high-quality native and adaptive trees increases urban canopy cover, helping reduce heat hazards from the urban heat island effect while also storing carbon.",None,0.0,None,None,,guide_secondary_typology_v1,policy_text_evidence_gated,explicit_self,no,Adaptation,Climate hazard (extreme heat) → ↓ urban heat exposure/temperature → ↓ heat morbidity/mortality and heat-related disruption,"1) Change in human activity/system: Cities expand, protect, and better manage urban tree canopy (street trees, parks, riparian corridors, connected green networks), often prioritizing neighborhoods with low canopy and high heat vulnerability.  
2) Mediating physical/ecological processes: Trees provide shade (reducing shortwave radiation on surfaces/people) and evapotranspiration (latent cooling), lowering local air and surface temperatures and improving thermal comfort; secondarily, biomass growth stores carbon in woody tissue and can increase soil carbon.  
3) Climate-relevant outcome: Primary outcome is reduced heat risk (lower exposure and health impacts during heatwaves); secondary outcome is modest net CO₂ removal/storage (and sometimes reduced building cooling demand).",The single biggest climate-relevant effect of policies expanding urban tree canopy is reducing urban heat exposure through shading and evapotranspiration (urban heat mitigation).,"1) Dominant causal pathway: The most direct and typically largest effect is heat mitigation—trees lower urban temperatures and exposure during extreme heat events.  
2) Why this primary over alternatives: Although carbon sequestration is explicitly mentioned, urban tree sequestration is generally smaller and slower relative to the immediate, localized heat-risk reduction benefits; therefore the dominant pathway aligns with Adaptation.  
3) Edge cases applied: If a specific policy were primarily designed/credited as a carbon-offset/removal program with rigorous MRV and carbon accounting as the central objective, Mitigation or Nature-Based Solutions could become primary at the policy level; however, for the shared mechanism “urban canopy expansion for heat mitigation + sequestration,” the heat-risk reduction pathway remains the most consistently dominant across instances.  
4) Confirm applies to ALL instances: Any policy that expands urban tree canopy inherently increases shading/evapotranspiration and thus contributes to heat mitigation, regardless of exact planting location or governance details; hence Adaptation fits all policies sharing this mechanism.  
5) Secondary subtype deferred: Co-benefits (carbon sequestration, energy-demand reduction, biodiversity, stormwater) and the strength of the sequestration claim depend on species choice, survival rates, maintenance, land tenure, and accounting—these should be assigned based on policy-specific evidence in a later step.",0.74,"Some urban tree programs are framed primarily as “urban carbon sinks” or are embedded in carbon-crediting schemes (which could shift the dominant effect toward Mitigation/Nature-Based Solutions for that specific policy). Conversely, if the policy mainly targets biodiversity/green-network connectivity with minimal canopy gain, the mechanism match weakens. Also note potential countervailing effects (maintenance emissions, irrigation energy/water use, biogenic VOCs affecting ozone) are context-dependent and usually do not overturn the primary heat-adaptation pathway.",target-setting,direct,direct,"“urban heat island effect”; “reduce heat hazards”; “green infrastructure”; “At least 100,000… trees”; “increase the canopy to 20%”",Carbon sequestration / CO₂ storage; improved air quality; stormwater management; biodiversity/urban habitat; reduced building cooling demand,"Although planting programs can be implemented via capital investment or incentives (especially on private land), the text provided is framed primarily as a quantified target (“at least 100,000” and “canopy to 20%”) rather than specifying the delivery mechanism (funding, mandates, or incentives).",[],True,matched token: 'hazard',True,no typology code,Urban Forestry (green infrastructure for heat mitigation): take steps to reduce heat hazards with appropriate green infrastructure.,,,,,,
1,parent_with_subs,parent,land_use,PARKS AND CONNECTIVITY,Parks and Connectivity: implement park planning and access targets to improve quality of life.,,standalone parent policy,"As a result, the City will

- Develop  a  Parks  System  Plan  and  achieve  CAPRA certification
- Increase park acreage to 7 acres per 1,000 residents, specifically in noted areas of need
- Ensure 85% of dwelling units are within a short walk of a park or trail",Introduces a set of commitments with multiple listed actions and quantitative targets; suitable as parent with sub-items.,Las_Vegas_Nevada_United_States,No vulnerability context provided,Las_Vegas_Nevada_United_States::0eb185f7dc3f6455384baaf8,Las_Vegas_Nevada_United_States::0eb185f7dc3f6455384baaf8,False,False,park_system_expansion → heat_and_stormwater_resilience,"The City will develop a parks system plan and increase park and trail access, which improves resilience by reducing heat impacts and improving stormwater management.",None,0.0,None,None,,guide_secondary_typology_v1,policy_text_evidence_gated,explicit_self,no,Adaptation,Climate hazard (heat + intense rainfall) → ↓ exposure/impacts via urban green space (shade/evapotranspiration + infiltration/storage) → ↑ heat and stormwater resilience,"1) Changed activity/system: Cities expand, enhance, and improve access to parks and natural lands (more/closer green areas, better connectivity and usability), increasing the presence and functional use of vegetated open space in urban neighborhoods.  
2) Mediating physical/ecological processes: Vegetation and soils provide shade and evapotranspiration that reduce local air/surface temperatures and mitigate urban heat island effects; permeable soils and vegetated landscapes increase infiltration, detention, and temporary storage of stormwater, reducing runoff peak flows.  
3) Climate-relevant outcome: Lower heat exposure and heat-related health risks during heat waves, and reduced stormwater flooding/combined sewer overflow risks during heavy precipitation—i.e., improved urban climate resilience.",The single biggest climate-relevant effect is reducing exposure and vulnerability to extreme heat and pluvial flooding through increased urban green space cooling and stormwater absorption.,"1) Dominant causal pathway: Increased park/green space area and access leads to biophysical cooling and stormwater infiltration/storage, reducing impacts from heat and intense rainfall (hazard → reduced exposure/impact).  
2) Why this primary over alternatives: Although parks can provide carbon sequestration (Nature-Based Solutions) and reduce energy demand for cooling (Mitigation/Resource Efficiency), those effects are typically secondary and smaller than the direct risk-reduction benefits for heat and stormwater resilience that motivate and define this mechanism.  
3) Edge cases applied: If a specific policy is explicitly framed/quantified primarily for carbon sequestration (e.g., afforestation with verified carbon accounting) it could shift categorization, but that would be a different canonical mechanism than “heat_and_stormwater_resilience.”  
4) Confirm applies to ALL instances: Any policy sharing this mechanism—park expansion/access improvements intended to build heat and stormwater resilience—has adaptation as the primary category because the principal outcome is reduced climate hazard impacts.  
5) Secondary subtype assignment deferred: Mitigation co-benefits (carbon uptake, reduced cooling loads) and broader ecological benefits should be captured only with policy-level evidence and are not used to change the primary category here.",0.86,"Some park expansion programs may be justified mainly for biodiversity or carbon sinks; if the dominant stated/quantified objective is sequestration rather than heat/flood risk reduction, that would warrant a different mechanism/category. Otherwise, this mechanism is straightforwardly Adaptation.",planning-strategy,enabling,direct,"- “Develop a Parks System Plan”
- “Increase park acreage to 7 acres per 1,000 residents”
- “Ensure 85% of dwelling units are within a short walk of a park or trail”
- “achieve CAPRA certification”",Public health and recreation benefits; biodiversity/habitat; air quality improvement; social cohesion/equity in access; potential property value uplift.,"Includes clear quantitative targets (could resemble “target-setting”), but because the primary action is creation of a system plan to achieve those targets (and no specific funding/mandate mechanism is stated), it is classified as planning-strategy.",[],True,matched token: 'resilien',True,no typology code,,,,,,,
1,parent_with_subs,sub,land_use,PARKS AND CONNECTIVITY,Develop a Parks System Plan and achieve CAPRA certification.,Parks and Connectivity: implement park planning and access targets to improve quality of life.,standalone parent policy,"As a result, the City will

- Develop  a  Parks  System  Plan  and  achieve  CAPRA certification",Concrete action (plan development) plus certification goal.,Las_Vegas_Nevada_United_States,No vulnerability context provided,Las_Vegas_Nevada_United_States::60ed19946c7e4be95e07eace,Las_Vegas_Nevada_United_States::60ed19946c7e4be95e07eace,False,False,park_system_expansion → heat_and_stormwater_resilience,"Developing a parks system plan and achieving CAPRA certification supports expansion and improved management of parks and green space, which increases heat and stormwater resilience.",None,0.0,None,None,,guide_secondary_typology_v1,policy_text_evidence_gated,explicit_self,no,Adaptation,Climate hazard (heat + intense rainfall) → ↓ exposure/impacts via urban green space (shade/evapotranspiration + infiltration/storage) → ↑ heat and stormwater resilience,"1) Changed activity/system: Cities expand, enhance, and improve access to parks and natural lands (more/closer green areas, better connectivity and usability), increasing the presence and functional use of vegetated open space in urban neighborhoods.  
2) Mediating physical/ecological processes: Vegetation and soils provide shade and evapotranspiration that reduce local air/surface temperatures and mitigate urban heat island effects; permeable soils and vegetated landscapes increase infiltration, detention, and temporary storage of stormwater, reducing runoff peak flows.  
3) Climate-relevant outcome: Lower heat exposure and heat-related health risks during heat waves, and reduced stormwater flooding/combined sewer overflow risks during heavy precipitation—i.e., improved urban climate resilience.",The single biggest climate-relevant effect is reducing exposure and vulnerability to extreme heat and pluvial flooding through increased urban green space cooling and stormwater absorption.,"1) Dominant causal pathway: Increased park/green space area and access leads to biophysical cooling and stormwater infiltration/storage, reducing impacts from heat and intense rainfall (hazard → reduced exposure/impact).  
2) Why this primary over alternatives: Although parks can provide carbon sequestration (Nature-Based Solutions) and reduce energy demand for cooling (Mitigation/Resource Efficiency), those effects are typically secondary and smaller than the direct risk-reduction benefits for heat and stormwater resilience that motivate and define this mechanism.  
3) Edge cases applied: If a specific policy is explicitly framed/quantified primarily for carbon sequestration (e.g., afforestation with verified carbon accounting) it could shift categorization, but that would be a different canonical mechanism than “heat_and_stormwater_resilience.”  
4) Confirm applies to ALL instances: Any policy sharing this mechanism—park expansion/access improvements intended to build heat and stormwater resilience—has adaptation as the primary category because the principal outcome is reduced climate hazard impacts.  
5) Secondary subtype assignment deferred: Mitigation co-benefits (carbon uptake, reduced cooling loads) and broader ecological benefits should be captured only with policy-level evidence and are not used to change the primary category here.",0.86,"Some park expansion programs may be justified mainly for biodiversity or carbon sinks; if the dominant stated/quantified objective is sequestration rather than heat/flood risk reduction, that would warrant a different mechanism/category. Otherwise, this mechanism is straightforwardly Adaptation.",planning-strategy,enabling,indirect,"""Develop a Parks System Plan""; ""achieve CAPRA certification""",Public health and recreation access; biodiversity/habitat; community cohesion/safety; potential air-quality benefits,"CAPRA certification is an administrative/quality-management standard for parks and recreation; the statement does not specify climate-driven park design elements (e.g., shade trees, stormwater infiltration), so classification relies on the broader adaptation pathway rather than explicit textual cues.",[],True,matched token: 'resilien',True,no typology code,Parks and Connectivity: implement park planning and access targets to improve quality of life.,,,,,,
1,parent_with_subs,sub,land_use,PARKS AND CONNECTIVITY,"Increase park acreage to 7 acres per 1,000 residents, specifically in noted areas of need.",Parks and Connectivity: implement park planning and access targets to improve quality of life.,standalone parent policy,"- Increase park acreage to 7 acres per 1,000 residents, specifically in noted areas of need",Quantified service level target for parks.,Las_Vegas_Nevada_United_States,No vulnerability context provided,Las_Vegas_Nevada_United_States::1544827ba7692a670e7b88db,Las_Vegas_Nevada_United_States::1544827ba7692a670e7b88db,False,False,park_system_expansion → heat_and_stormwater_resilience,"Increasing park acreage expands green space, helping reduce urban heat impacts and improving stormwater resilience, especially in areas of need.",None,0.0,None,None,,guide_secondary_typology_v1,policy_text_evidence_gated,explicit_self,no,Adaptation,Climate hazard (heat + intense rainfall) → ↓ exposure/impacts via urban green space (shade/evapotranspiration + infiltration/storage) → ↑ heat and stormwater resilience,"1) Changed activity/system: Cities expand, enhance, and improve access to parks and natural lands (more/closer green areas, better connectivity and usability), increasing the presence and functional use of vegetated open space in urban neighborhoods.  
2) Mediating physical/ecological processes: Vegetation and soils provide shade and evapotranspiration that reduce local air/surface temperatures and mitigate urban heat island effects; permeable soils and vegetated landscapes increase infiltration, detention, and temporary storage of stormwater, reducing runoff peak flows.  
3) Climate-relevant outcome: Lower heat exposure and heat-related health risks during heat waves, and reduced stormwater flooding/combined sewer overflow risks during heavy precipitation—i.e., improved urban climate resilience.",The single biggest climate-relevant effect is reducing exposure and vulnerability to extreme heat and pluvial flooding through increased urban green space cooling and stormwater absorption.,"1) Dominant causal pathway: Increased park/green space area and access leads to biophysical cooling and stormwater infiltration/storage, reducing impacts from heat and intense rainfall (hazard → reduced exposure/impact).  
2) Why this primary over alternatives: Although parks can provide carbon sequestration (Nature-Based Solutions) and reduce energy demand for cooling (Mitigation/Resource Efficiency), those effects are typically secondary and smaller than the direct risk-reduction benefits for heat and stormwater resilience that motivate and define this mechanism.  
3) Edge cases applied: If a specific policy is explicitly framed/quantified primarily for carbon sequestration (e.g., afforestation with verified carbon accounting) it could shift categorization, but that would be a different canonical mechanism than “heat_and_stormwater_resilience.”  
4) Confirm applies to ALL instances: Any policy sharing this mechanism—park expansion/access improvements intended to build heat and stormwater resilience—has adaptation as the primary category because the principal outcome is reduced climate hazard impacts.  
5) Secondary subtype assignment deferred: Mitigation co-benefits (carbon uptake, reduced cooling loads) and broader ecological benefits should be captured only with policy-level evidence and are not used to change the primary category here.",0.86,"Some park expansion programs may be justified mainly for biodiversity or carbon sinks; if the dominant stated/quantified objective is sequestration rather than heat/flood risk reduction, that would warrant a different mechanism/category. Otherwise, this mechanism is straightforwardly Adaptation.",target-setting,enabling,direct,"""Increase park acreage""; ""7 acres per 1,000 residents""; ""specifically in noted areas of need""",Public health and recreation access; biodiversity/habitat; improved air quality; neighborhood aesthetics and potential economic uplift,"Could also be interpreted as a planning-strategy if embedded in a comprehensive parks/open-space plan, but the explicit numeric provision metric most strongly signals a target-setting instrument.",[],True,matched token: 'resilien',True,no typology code,Parks and Connectivity: implement park planning and access targets to improve quality of life.,,,,,,
1,parent_with_subs,sub,land_use,PARKS AND CONNECTIVITY,Ensure 85% of dwelling units are within a short walk of a park or trail.,Parks and Connectivity: implement park planning and access targets to improve quality of life.,standalone parent policy,- Ensure 85% of dwelling units are within a short walk of a park or trail,Quantified access target.,Las_Vegas_Nevada_United_States,No vulnerability context provided,Las_Vegas_Nevada_United_States::366a83d66271f68de3293414,Las_Vegas_Nevada_United_States::366a83d66271f68de3293414,False,False,park_system_expansion → heat_and_stormwater_resilience,"The policy aims to increase the share of homes within a short walk of parks or trails, expanding access to green space that helps reduce heat impacts and improve stormwater resilience.",None,0.0,None,None,,guide_secondary_typology_v1,policy_text_evidence_gated,explicit_self,no,Adaptation,Climate hazard (heat + intense rainfall) → ↓ exposure/impacts via urban green space (shade/evapotranspiration + infiltration/storage) → ↑ heat and stormwater resilience,"1) Changed activity/system: Cities expand, enhance, and improve access to parks and natural lands (more/closer green areas, better connectivity and usability), increasing the presence and functional use of vegetated open space in urban neighborhoods.  
2) Mediating physical/ecological processes: Vegetation and soils provide shade and evapotranspiration that reduce local air/surface temperatures and mitigate urban heat island effects; permeable soils and vegetated landscapes increase infiltration, detention, and temporary storage of stormwater, reducing runoff peak flows.  
3) Climate-relevant outcome: Lower heat exposure and heat-related health risks during heat waves, and reduced stormwater flooding/combined sewer overflow risks during heavy precipitation—i.e., improved urban climate resilience.",The single biggest climate-relevant effect is reducing exposure and vulnerability to extreme heat and pluvial flooding through increased urban green space cooling and stormwater absorption.,"1) Dominant causal pathway: Increased park/green space area and access leads to biophysical cooling and stormwater infiltration/storage, reducing impacts from heat and intense rainfall (hazard → reduced exposure/impact).  
2) Why this primary over alternatives: Although parks can provide carbon sequestration (Nature-Based Solutions) and reduce energy demand for cooling (Mitigation/Resource Efficiency), those effects are typically secondary and smaller than the direct risk-reduction benefits for heat and stormwater resilience that motivate and define this mechanism.  
3) Edge cases applied: If a specific policy is explicitly framed/quantified primarily for carbon sequestration (e.g., afforestation with verified carbon accounting) it could shift categorization, but that would be a different canonical mechanism than “heat_and_stormwater_resilience.”  
4) Confirm applies to ALL instances: Any policy sharing this mechanism—park expansion/access improvements intended to build heat and stormwater resilience—has adaptation as the primary category because the principal outcome is reduced climate hazard impacts.  
5) Secondary subtype assignment deferred: Mitigation co-benefits (carbon uptake, reduced cooling loads) and broader ecological benefits should be captured only with policy-level evidence and are not used to change the primary category here.",0.86,"Some park expansion programs may be justified mainly for biodiversity or carbon sinks; if the dominant stated/quantified objective is sequestration rather than heat/flood risk reduction, that would warrant a different mechanism/category. Otherwise, this mechanism is straightforwardly Adaptation.",target-setting,enabling,direct,“Ensure 85% of dwelling units”; “within a short walk”; “park or trail”,Public health/physical activity; recreation access; mental health; biodiversity/habitat; air quality; community cohesion; property value stabilization,"“Ensure” could be implemented through regulatory requirements or capital investment, but the text itself is framed as an outcome metric/coverage threshold, so it is best classified as target-setting rather than a specific mandate or investment.",[],True,matched token: 'resilien',True,no typology code,Parks and Connectivity: implement park planning and access targets to improve quality of life.,,,,,,
3,parent_with_subs,parent,governance,ENVIRONMENTAL JUSTICE,"Environmental Justice: prioritize reducing exposure and risk to low-income and minority communities, especially for new transportation and infrastructure projects.",,standalone parent policy,"Reducing  exposure  and  risk  to  low-income  and  minority communities must be prioritized, especially for new transportation and infrastructure projects. The City must:",Introduces mandatory prioritization with a subsequent list of required actions.,Las_Vegas_Nevada_United_States,No vulnerability context provided,Las_Vegas_Nevada_United_States::97f56f238cc1f76b320479b0,Las_Vegas_Nevada_United_States::97f56f238cc1f76b320479b0,False,False,environmental_justice_prioritization → disproportionate_risk_reduction,Prioritizing environmental justice in new transportation and infrastructure projects reduces exposure and risk for low-income and minority communities.,None,0.0,None,None,,guide_secondary_typology_v1,policy_text_evidence_gated,explicit_self,no,Adaptation,Climate/environmental hazard + infrastructure siting/design → ↓ exposure/inequitable burden → ↓ vulnerability/risk (especially for EJ communities),"(1) Change in human activity/system: Public agencies embed environmental justice criteria into transportation/infrastructure planning, funding prioritization, project siting, design standards, and mitigation set, shifting investments away from harm and toward protective measures in low-income/minority communities.  
(2) Mediating physical/ecological process: Reduced proximity to or intensity of hazards (e.g., heat islands, flood pathways, high-traffic air pollutant corridors) and/or added protective features (shade/trees, cooling, drainage, barriers, safer routing) lowers the dose/exposure and sensitivity of affected populations.  
(3) Climate-relevant outcome: Lower disproportionate impacts from climate-amplified hazards (heat, flooding, extreme events) and associated health/safety risks; improved resilience and adaptive capacity for EJ communities.",The single biggest climate-relevant effect is reducing climate- and pollution-related exposure and vulnerability for overburdened communities through more equitable infrastructure planning and mitigation.,"1) Dominant causal pathway: Governance prioritization changes infrastructure decisions to reduce hazard exposure and vulnerability for marginalized groups (risk reduction).  
2) Why this primary over alternatives: While EJ actions can incidentally reduce emissions (e.g., cleaner transport) or improve efficiency, the stated mechanism’s central objective and effect is disproportionate risk/exposure reduction, which is adaptation/resilience.  
3) Edge cases applied: If EJ prioritization is implemented specifically via decarbonization measures (e.g., electrifying bus fleets in EJ corridors), that would introduce a mitigation pathway; however, the canonical mechanism here is defined by risk reduction via prioritization, so adaptation remains dominant.  
4) Applies to ALL instances sharing this mechanism: Any policy framed as prioritizing EJ to reduce disproportionate exposure/risk operates primarily through lowering vulnerability/exposure rather than directly altering total GHG emissions.  
5) Secondary subtype assignment deferred: Whether a given policy also materially delivers mitigation (air quality co-benefits, mode shift, electrification) depends on policy-level implementation details and is deferred to downstream evidence.",0.74,"EJ prioritization is a cross-cutting governance mechanism and may be implemented through mitigation-oriented actions (transit electrification, VMT reduction) or nature-based actions (urban greening) in EJ areas; classification here follows the stated dominant effect—disproportionate risk/exposure reduction—so it is Adaptation unless the mechanism is explicitly defined around GHG reductions.",planning-strategy,enabling,indirect,“must be prioritized”; “reducing exposure and risk”; “low-income and minority communities”; “especially for new transportation and infrastructure projects”; “The City must”,"Public health improvements (reduced pollution exposure), improved safety, reduced displacement/inequitable burdens, stronger community engagement and trust.","Could be interpreted as a regulatory mandate if accompanied elsewhere by enforceable EJ impact assessment/siting prohibitions; in the provided excerpt it reads as a high-level prioritization directive without explicit compliance mechanism or numeric standard, so classified as planning-strategy and enabling. Climate linkage is implicit (exposure/risk) rather than explicitly tied to climate hazards in the excerpt, hence “indirect” relevance.",['requirements'],True,matched token: 'exposure',True,no typology code,,,,,,,
3,parent_with_subs,sub,cross_sector,ENVIRONMENTAL JUSTICE,Ensure an air quality index of 100 or better.,"Environmental Justice: prioritize reducing exposure and risk to low-income and minority communities, especially for new transportation and infrastructure projects.",standalone parent policy,"The City must:

- Ensure an air quality index of 100 or better",Quantified environmental quality target.,Las_Vegas_Nevada_United_States,No vulnerability context provided,Las_Vegas_Nevada_United_States::9c772ac333b7196d05d2ea05,Las_Vegas_Nevada_United_States::9c772ac333b7196d05d2ea05,False,False,air_quality_management_target → ambient_air_quality_improvement,The City must manage emissions and pollution sources to keep ambient air quality at an air quality index of 100 or better.,None,0.0,None,None,,guide_secondary_typology_v1,policy_text_evidence_gated,explicit_self,no,Adaptation,Pollution source controls → ↓ fossil fuel combustion / process emissions → ↓ GHG emissions (often co-benefit) → ↓ atmospheric forcing,"(1) Change in human activity/system: the city regulates, prices, or retrofits major emission sources (transport, industry, power, buildings, construction dust) to meet an ambient AQI threshold. (2) Mediating physical process: reduced combustion and precursor emissions (NOx/VOCs/SO2/primary PM) lower ambient PM2.5 and ozone; when achieved through fuel switching, electrification, efficiency, or reduced vehicle miles traveled, it also reduces CO2 and other climate pollutants. (3) Climate-relevant outcome: potential net decrease in GHG emissions and short-lived climate pollutants (especially when measures reduce combustion rather than relying solely on end-of-pipe treatment).","The single biggest climate-relevant effect of policies that target improved ambient air quality is often an incidental reduction in fossil-fuel combustion emissions (sometimes including CO2), which can lower net GHG emissions when achieved via source reduction rather than end-of-pipe controls.","1) Dominant causal pathway: managing sources to improve ambient air quality most climate-relevantly affects emissions from combustion/process sources, which can reduce GHGs when the compliance strategy is source reduction (efficiency, electrification, fuel switching, demand reduction).  
2) Why this primary over alternatives: the mechanism is not primarily about reducing climate hazard exposure (so not Adaptation) and not inherently ecosystem-mediated (so not Nature-Based Solutions). It is also not defined as “same service with less energy/material input” (so Resource Efficiency is not the direct target), even though efficiency may be a common compliance route. Under the taxonomy, Mitigation is the closest category capturing emission-reduction pathways that frequently accompany air-quality compliance.  
3) Edge cases applied: air-quality targets can be met via end-of-pipe controls (e.g., scrubbers, catalytic reduction) that reduce criteria pollutants with minimal CO2 impact, and some controls can increase energy use (raising CO2). This creates ambiguity; classification rests on the most common/strongest climate-relevant linkage across implementations (source emission reductions).  
4) Confirm applies to ALL instances sharing mechanism: all policies with this mechanism share an ambient air quality improvement target achieved through managing emission sources; this always interacts with emission-generating activities, creating at least a plausible mitigation-relevant pathway even if the magnitude/sign varies by instrument choice.  
5) Secondary subtype deferred: instrument-specific determination (e.g., transportation demand management vs industrial controls vs electrification) and whether the net effect is strongly mitigating is deferred to policy-level evidence.",0.55,"Air-quality compliance can be achieved through (a) source reduction that also cuts CO2 (strong mitigation co-benefit) or (b) end-of-pipe controls that may have little or even negative GHG impact due to added energy use. If a specific policy explicitly targets only criteria pollutants without affecting energy/combustion, a non-mitigation primary could be defensible, but the taxonomy offers no “public health/air quality” category.",target-setting,enabling,indirect,"""Ensure""; ""air quality index of 100 or better""",Public health improvements (reduced PM2.5/ozone exposure); reduced haze/visibility impacts,"AQI is an ambient performance outcome; it could be implemented via binding regulation/standards and enforcement, but the text provides only the target without implementation details, so it is classified as target-setting rather than a regulatory mandate or performance standard.",[],False,no Adaptation outcome token found in source; flagging for review,True,no typology code,"Environmental Justice: prioritize reducing exposure and risk to low-income and minority communities, especially for new transportation and infrastructure projects.",reclassify,"Tie-breaker: climate_screen is `explicit_self`, so keep as climate/environment-relevant despite gate failure. Source sets an explicit ambient air quality target: ""Ensure an air quality index of 100 or better"" (also repeated in verbatim_text). This aligns with the canonical mechanism `air_quality_management_target → ambient_air_quality_improvement`. However, the statement does not reference GHG reduction or decarbonization outcomes; it is an air-quality standard/health-protection target, so the `Mitigation` primary category is likely incorrect.",0.62,Mitigation,True,False
3,parent_with_subs,sub,land_use,ENVIRONMENTAL JUSTICE,Eliminate brownfields within the City through redevelopment.,"Environmental Justice: prioritize reducing exposure and risk to low-income and minority communities, especially for new transportation and infrastructure projects.",standalone parent policy,- Eliminate brownfields within the City by redevelopment,Specific intervention: redevelopment to eliminate brownfields.,Las_Vegas_Nevada_United_States,No vulnerability context provided,Las_Vegas_Nevada_United_States::98b033553b3abfcd463a1b29,Las_Vegas_Nevada_United_States::98b033553b3abfcd463a1b29,False,False,brownfield_redevelopment → greenfield_avoidance_and_land_use_emissions_reduction,"Redevelopment is used to eliminate brownfields, supporting infill development that can reduce pressure to convert undeveloped land and lower land-use-related emissions.",None,0.0,None,None,"evidence quote missing one of: [ghg, greenhouse gas, greenhouse gases, emission, ...]; evidence quote missing secondary subtype token: [hazard, exposure, vulnerab, resilien, ...]",guide_secondary_typology_v1,policy_text_evidence_gated,explicit_self,no,Mitigation,Land development pattern shift (brownfield → infill) → ↓ greenfield conversion/land-use change → ↓ biomass & soil carbon loss (and embodied/infrastructure expansion) → ↓ GHG emissions → ↓ atmospheric forcing,"(1) Changed activity/system: City land development and investment are redirected to redevelop contaminated/underused previously developed parcels (brownfields) rather than building on undeveloped greenfield sites.  
(2) Mediating process: Avoided land-use change preserves existing vegetation and soil carbon stocks and prevents emissions from clearing, grading, and soil disturbance; it can also reduce emissions tied to new infrastructure extensions and dispersed development patterns.  
(3) Climate-relevant outcome: Net reduction in GHG emissions (CO₂ primarily) from avoided conversion-related carbon release (and, in many cases, reduced associated development/infrastructure emissions).",The single biggest climate-relevant effect of policies using this mechanism is avoiding GHG emissions by preventing greenfield conversion and associated vegetation/soil carbon losses through infill on previously developed land.,"1) Dominant causal pathway: brownfield redevelopment enables infill, which avoids greenfield conversion; the main physical climate linkage is avoided vegetation/soil carbon loss and land-clearing emissions, yielding net ↓ GHG emissions.  
2) Why this primary over alternatives: Although redevelopment can improve resilience (hazard remediation, reduced sprawl exposure) and can be framed as “resource efficiency” (reuse of land), the largest climate-relevant effect common to the mechanism is emissions mitigation via avoided land-use change.  
3) Edge cases applied: If redevelopment triggers significant demolition/new construction with high embodied carbon, local mitigation benefits may be smaller; however, the mechanism as defined centers on greenfield avoidance and land-use emissions reduction, keeping mitigation dominant.  
4) Confirm applies to ALL instances sharing this mechanism: Any policy whose mechanism is explicitly “brownfield redevelopment → greenfield avoidance → land-use emissions reduction” has mitigation as its primary category because the endpoint is reduced GHG emissions from avoided land conversion.  
5) Secondary subtype assignment deferred: Any additional tagging (e.g., adaptation co-benefits, equity/health remediation benefits, compact-city transport effects) requires policy-level evidence and is not assigned at the mechanism level here.",0.82,"Benefits depend on the counterfactual: if redevelopment would have occurred in addition to (not instead of) greenfield development, or if it induces substantial embodied emissions, net mitigation may be reduced; nonetheless, under this canonical mechanism the intended dominant pathway is land-use change emissions avoidance.",planning-strategy,enabling,indirect,“Eliminate brownfields”; “by redevelopment”,Reduced soil/water contamination exposure; neighborhood revitalization and economic development; increased housing/smart growth benefits; reduced pressure on greenfield habitats/open space,"No specific instrument is named (e.g., grants, zoning changes, cleanup requirements), so classification relies on the goal-oriented phrasing consistent with a planning/redevelopment strategy rather than a concrete regulatory or spending action.",[],True,matched token: 'emission',True,no typology code,"Environmental Justice: prioritize reducing exposure and risk to low-income and minority communities, especially for new transportation and infrastructure projects.",,,,,,
3,parent_with_subs,sub,water,ENVIRONMENTAL JUSTICE,Improve stormwater pollution prevention efforts.,"Environmental Justice: prioritize reducing exposure and risk to low-income and minority communities, especially for new transportation and infrastructure projects.",standalone parent policy,- Improve stormwater pollution prevention efforts,Concrete environmental management action.,Las_Vegas_Nevada_United_States,No vulnerability context provided,Las_Vegas_Nevada_United_States::131d0c50a9bbde5a3cbaab5e,Las_Vegas_Nevada_United_States::131d0c50a9bbde5a3cbaab5e,False,False,stormwater_pollution_prevention → stormwater_quality_improvement,Improve stormwater pollution prevention efforts to reduce pollutants in stormwater runoff and improve downstream water quality.,None,0.0,None,None,,guide_secondary_typology_v1,policy_text_evidence_gated,explicit_self,no,Adaptation,Urban runoff management → ↓ pollutant loading to waterways → improved water quality + more resilient water systems,"(1) Change: Cities/landowners reduce pollutants entering stormwater (e.g., sediments, nutrients, oils/metals, trash) through better source control and runoff treatment. (2) Process: Less contaminated runoff reaches rivers/lakes/wetlands, reducing eutrophication, turbidity, and toxicity and improving ecological and water-treatment system performance. (3) Outcome: Improved downstream water quality and reduced stress on water infrastructure; climate relevance is mainly indirect via healthier aquatic systems and reduced compounding impacts during heavy-precipitation events.","The single biggest climate-relevant effect of policies using this mechanism is reducing pollutant loads in stormwater runoff, improving downstream water quality and system functioning (with only indirect climate benefits).","1) Dominant causal pathway: runoff management reduces pollutant loading, yielding improved water quality and more efficient/robust water system operation. 2) Why this primary over alternatives: it is not chiefly reducing GHG emissions (Mitigation) and not principally reducing exposure to a specific climate hazard (Adaptation); while some implementations use green infrastructure (which can be Nature-Based), the shared mechanism is water-quality improvement via pollution prevention, so Resource Efficiency best fits across all such policies. 3) Edge cases: if a policy is explicitly framed/implemented as flood-risk reduction (peak-flow reduction) it may shift toward Adaptation; if primarily ecosystem restoration for co-benefit carbon/heat moderation, it may shift toward Nature-Based Solutions—those are different dominant mechanisms. 4) Confirm primary applies to ALL instances: any stormwater pollution prevention effort aims to reduce contaminant loads and improve downstream water quality regardless of specific tools, matching Resource Efficiency as the dominant effect. 5) Secondary subtype assignment is deferred to policy-level evidence (e.g., whether green infrastructure is central, whether nutrient reduction targets are specified, enforcement intensity, etc.).",0.62,"If stormwater measures are primarily deployed for flood mitigation/peak-flow control (rather than pollutant reduction), classify under Adaptation; if the core intervention is ecological restoration/green infrastructure with explicit ecosystem enhancement as the main lever, Nature-Based Solutions may be more appropriate than Resource Efficiency.",planning-strategy,enabling,indirect,"""Improve stormwater pollution prevention efforts""",Improved aquatic ecosystem health; reduced public health risks from contaminated runoff; potential reductions in water treatment costs.,"Could map to a regulatory-mandate or infrastructure-investment if the underlying plan entails new ordinances/permits or specific green infrastructure retrofits, but the provided text is too high-level to assign those instrument types confidently.",[],True,matched token: 'storm',True,no typology code,"Environmental Justice: prioritize reducing exposure and risk to low-income and minority communities, especially for new transportation and infrastructure projects.",reclassify,"Source text is explicitly about stormwater management: ""Improve stormwater pollution prevention efforts."" This aligns with the canonical mechanism ""stormwater_pollution_prevention → stormwater_quality_improvement,"" which is better characterized as climate adaptation/water resilience rather than Resource Efficiency. Given climate_screen=explicit_self, keep in climate set but fix the primary category.",0.8,Resource Efficiency,True,False
3,parent_with_subs,sub,governance,ENVIRONMENTAL JUSTICE,"Engage residents of all races, ethnicities, abilities, and means in the planning and transportation decision-making process.","Environmental Justice: prioritize reducing exposure and risk to low-income and minority communities, especially for new transportation and infrastructure projects.",standalone parent policy,"- Engage residents of all races, ethnicities, abilities and means  in  the  planning  and  transportation  decisionmaking process",Specific governance/participation requirement tied to planning and transportation.,Las_Vegas_Nevada_United_States,No vulnerability context provided,Las_Vegas_Nevada_United_States::a74a3e7322ab736ad607c905,Las_Vegas_Nevada_United_States::a74a3e7322ab736ad607c905,False,False,inclusive_public_engagement_in_transport_planning → improved_transport_decision_quality,Engage residents of diverse backgrounds in planning and transportation decision-making to improve the quality and inclusiveness of transportation plans and investments.,None,0.0,None,None,,guide_secondary_typology_v1,policy_text_evidence_gated,explicit_self,no,Resource Efficiency,Inclusive planning processes → ↑ decision quality + procedural equity → Transport system choices better aligned to climate risks and community needs → ↓ vulnerability/↑ adaptive capacity,"(1) Human/system change: Transportation planning and investment decisions incorporate structured, inclusive participation from diverse residents (including historically underrepresented groups).  
(2) Mediating process: Broader input improves information quality, legitimacy, and identification of localized hazards/needs (e.g., heat exposure at stops, flood-prone corridors, evacuation needs), reducing planning blind spots and increasing uptake/compliance.  
(3) Climate-relevant outcome: Stronger adaptive capacity and potentially reduced exposure/sensitivity to climate hazards in transport services and access (mitigation co-benefits may occur if decisions favor low-carbon modes, but that is not inherent to the mechanism).",The single biggest climate-relevant effect is improved governance/decision-making capacity that can lead to transport systems that better reduce climate risk and serve communities under changing conditions (with emissions effects being indirect and not guaranteed).,"1) Dominant causal pathway: governance process improvement → better, more inclusive transport decisions → improved resilience outcomes/decision robustness under climate stress.  
2) Why this primary over alternatives: Mitigation and Resource Efficiency require a direct, specified change that reduces GHGs or energy/material inputs; here, engagement only changes how decisions are made, and any emissions/efficiency impacts depend on subsequent choices. Nature-Based Solutions is not implicated.  
3) Edge cases applied: If engagement is explicitly tied to selecting mode shift/low-carbon investments, mitigation could dominate at the policy level; if tied to heat/flood protection or emergency access, adaptation clearly dominates. Under the canonical mechanism as written (“improved decision quality”), the most defensible single climate-relevant effect is adaptive capacity.  
4) Confirm applies to ALL instances sharing this mechanism: Any policy whose mechanism is “inclusive public engagement → improved transport decision quality” is inherently an enabling/capacity measure with indirect outcomes, aligning most consistently with Adaptation rather than guaranteed emissions reduction.  
5) Secondary subtype assignment is deferred to policy-level evidence: whether the resulting decisions primarily cut emissions, improve resilience, or advance equity outcomes depends on the specific plan/investments selected and is not determined by this mechanism alone.",0.62,"This is a cross-cutting “enabler” mechanism: some implementations primarily drive mitigation (e.g., engagement to build support for transit/active transport pricing reforms), while others primarily drive adaptation (e.g., engagement focused on flood/heat exposure and service continuity). Classification here assumes no explicit emissions-reduction lever is specified.",planning-strategy,enabling,indirect,"""Engage residents""; ""all races, ethnicities, abilities and means""; ""planning and transportation decisionmaking process""",Improved procedural equity and representation; potential public health and access benefits from better-aligned transportation decisions (not explicitly climate-specific).,Could be framed as an engagement requirement (regulatory-mandate) if embedded as a formal obligation in statutes/plan requirements; text reads as a strategic action item without an explicit enforceable mandate.,[],False,canonical_mechanism flagged as non-climate: inclusive_public_engagement,True,no typology code,"Environmental Justice: prioritize reducing exposure and risk to low-income and minority communities, especially for new transportation and infrastructure projects.",reclassify,"Climate screen is 'explicit_self', so keep as climate-relevant despite gate failure. The text is an engagement/governance commitment: 'Engage residents ... in the planning and transportation decisionmaking process' and is nested under an EJ transportation/infrastructure context. But there is no explicit adaptation content (no resilience, hazards, risk reduction, or preparedness actions), so the assigned primary category 'Adaptation' is likely incorrect.",0.62,Adaptation,True,False
7,parent_with_subs,parent,governance,HOMELESSNESS,"Homelessness: continue and enhance coordinated prevention, diversion, and regional measures to reduce the total unsheltered homeless population by 50% and achieve functional zero homelessness in 2050.",,standalone parent policy,"The plan anticipates to continue and enhance coordinated provision  of  early  and  direct  prevention  and  diversion measures  with  regional  stakeholders  to  reduce  the  total unsheltered homeless population by 50%, with functional zero homelessness in 2050.",Quantified reduction target (50%) and defined end-state (functional zero by 2050) with specified approach.,Las_Vegas_Nevada_United_States,No vulnerability context provided,Las_Vegas_Nevada_United_States::325e1934228edc88a78c371f,Las_Vegas_Nevada_United_States::325e1934228edc88a78c371f,False,False,homelessness_prevention_and_diversion_coordination → unsheltered_homelessness_reduction,The plan anticipates continuing and enhancing coordinated early prevention and diversion measures with regional stakeholders to reduce the unsheltered homeless population.,None,0.0,None,None,,guide_secondary_typology_v1,policy_text_evidence_gated,explicit_self,no,Adaptation,Climate hazard → ↓ vulnerable population exposure (unsheltered homelessness) → ↓ heat/smoke/cold morbidity & mortality,"1) Changed human activity/system: Regional coordination of homelessness prevention and diversion (e.g., coordinated entry, case management, rental assistance, rapid rehousing pathways) to reduce the number of people living unsheltered.  
2) Mediating physical/social process: Fewer people are forced to remain outdoors or in unsafe informal settings; more people can access stable shelter/housing and services, lowering sensitivity and increasing adaptive capacity during extreme weather and air-quality events.  
3) Climate-relevant outcome: Reduced climate hazard exposure and reduced adverse health outcomes (heat stress, dehydration, hypothermia, smoke exposure) during climate extremes; improved continuity of care and emergency response effectiveness for vulnerable residents.","The single biggest climate-relevant effect is reduced exposure and health risk for unhoused people during climate hazards (especially extreme heat), achieved by preventing/diverting homelessness and reducing unsheltered homelessness.","1) Dominant causal pathway: The mechanism reduces unsheltered homelessness, which most strongly affects climate outcomes by lowering exposure of vulnerable populations to climate hazards (heat, smoke, storms).  
2) Why this primary over alternatives: While housing interventions can have secondary mitigation/resource effects (e.g., different energy use profiles), the core mechanism described is social protection and risk reduction, not emissions reduction or efficiency.  
3) Edge cases applied: If implemented via high-performance affordable housing construction, mitigation/resource-efficiency benefits could be substantial—but that is not inherent to “prevention and diversion coordination” and varies by implementation.  
4) Applies to ALL instances: Any policy using this mechanism (prevention/diversion coordination to reduce unsheltered homelessness) consistently reduces exposure/sensitivity to climate hazards for the affected population, making Adaptation the common primary category.  
5) Secondary subtype assignment deferred: Whether a given policy also materially advances mitigation (building energy standards, renewable power) or resource efficiency (reduced emergency service use) requires policy-specific evidence and is not assigned here.",0.73,"Could be misclassified as Mitigation if the policy mechanism explicitly centers on housing energy retrofits or low-carbon building delivery; however, “prevention and diversion coordination” typically functions as an exposure-reduction/adaptive-capacity intervention, with mitigation impacts indirect and variable.",target-setting,enabling,indirect,“reduce the total unsheltered homeless population by 50%”; “functional zero homelessness in 2050”; “continue and enhance coordinated”; “prevention and diversion measures”; “regional stakeholders”,"Public health improvements (reduced non-climate morbidity), improved public safety, reduced emergency service demand, improved social equity and wellbeing.","Could also be framed as a planning-strategy due to “coordinated…with regional stakeholders,” but the presence of explicit numeric/time-bound outcomes makes target-setting the clearer primary instrument type.",[],False,no Adaptation outcome token found in source; flagging for review,True,no typology code,,drop,"The policy focuses on homelessness prevention/diversion and reducing the unsheltered homeless population (e.g., “reduce the total unsheltered homeless population by 50%… functional zero homelessness in 2050”), but it does not mention climate change, climate hazards (heat, flooding, storms, wildfire), resilience, or any adaptation/mitigation mechanism. Because no explicit climate relevance is evidenced in the provided text, it should be removed from the climate dataset.",0.86,,,True
7,parent_with_subs,sub,cross_sector,HOMELESSNESS,Continue to play an intervention role with the City’s Courtyard and MORE team.,"Homelessness: continue and enhance coordinated prevention, diversion, and regional measures to reduce the total unsheltered homeless population by 50% and achieve functional zero homelessness in 2050.",standalone parent policy,- Continue  to  play  an  intervention  role  with  the  City's Courtyard and MORE team,Named programs/teams and continued intervention role.,Las_Vegas_Nevada_United_States,No vulnerability context provided,Las_Vegas_Nevada_United_States::e1955ab87887e744263b527c,Las_Vegas_Nevada_United_States::e1955ab87887e744263b527c,False,False,unspecified_intervention_role → unspecified_climate_effect,"The city will continue participating in an intervention role with the Courtyard and MORE team, but the text does not specify what action is taken or what climate effect it produces.",None,0.0,None,None,,guide_secondary_typology_v1,policy_text_evidence_gated,exclude,no,Mitigation,Unspecified city intervention activity → unspecified intermediate process → unspecified change in GHG emissions or climate risk,"1) Change in human activity/system: The city “continues to play an intervention role” with the Courtyard and MORE team, but the nature of the intervention (operational, social services, housing, set, facilities management, etc.) is not described.  
2) Mediating physical/ecological process: Not stated; no emission source/sink, energy/material flow, or hazard-exposure pathway is identified.  
3) Climate-relevant outcome: Not stated; could be mitigation, adaptation, or neither depending on the unspecified intervention details.","The single biggest climate-relevant effect cannot be determined because the policy text does not specify any action or outcome that links to emissions, energy/material use, carbon sinks, or climate risk reduction.","1) Dominant causal pathway: Not identifiable from the provided mechanism; there is no stated pathway to ↓GHG, ↓energy/material input, ↑carbon sinks, or ↓hazard exposure/vulnerability.  
2) Why this primary over alternatives: A primary category is still required by the schema; Mitigation is selected as a default placeholder rather than evidence-based classification, because no adaptation/resource-efficiency/nature-based causal chain is described either.  
3) Edge cases applied: This is an “insufficient information/unspecified mechanism” case; if the Courtyard/MORE intervention pertains to (a) building operations/energy, (b) waste handling, (c) urban greening, or (d) heat/emergency response, the category could change accordingly.  
4) Confirm the primary applies to ALL instances sharing this mechanism: This canonical mechanism explicitly encodes that the intervention role and climate effect are unspecified; therefore any instance sharing it is inherently unclassifiable on substance, and the chosen primary category should be treated as non-substantive pending more detail.  
5) Secondary subtype assignment: Deferred to policy-level evidence; cannot be assigned without knowing the actual intervention actions and intended climate outcomes.",0.12,"Insufficient detail: “Courtyard and MORE team” could relate to homelessness services, public safety, facilities, or other programs with no direct climate effect; alternatively it could include energy/water efficiency retrofits or resilience operations. Reclassification requires the underlying intervention description (what is done, where, and expected outcomes).",planning-strategy,enabling,peripheral,"""Continue to play an intervention role""; ""City's Courtyard and MORE team""",None,"“Intervention role” is undefined; could relate to social services, housing, enforcement, or facilities/operations. Without details, instrument type is approximated as planning/coordination and climate relevance cannot be established.",['enforcement'],False,canonical_mechanism flagged as non-climate: unspecified_climate_effect,True,no typology code,"Homelessness: continue and enhance coordinated prevention, diversion, and regional measures to reduce the total unsheltered homeless population by 50% and achieve functional zero homelessness in 2050.",drop,auto: climate_screen=exclude,1.0,,,True
7,parent_with_subs,sub,cross_sector,HOMELESSNESS,Employ a ‘Housing First’ approach.,"Homelessness: continue and enhance coordinated prevention, diversion, and regional measures to reduce the total unsheltered homeless population by 50% and achieve functional zero homelessness in 2050.",standalone parent policy,- Employ a 'Housing First' approach,"Specific, recognized policy approach.",Las_Vegas_Nevada_United_States,No vulnerability context provided,Las_Vegas_Nevada_United_States::e7ff8b5405d4d817a26d4615,Las_Vegas_Nevada_United_States::e7ff8b5405d4d817a26d4615,False,False,housing_first_program → non_climate_social_outcome,"Employing a Housing First approach prioritizes providing stable housing, which primarily affects social and health outcomes rather than a specified climate mitigation or adaptation impact in the provided text.",None,0.0,None,None,,guide_secondary_typology_v1,policy_text_evidence_gated,exclude,no,Adaptation,Social vulnerability intervention → ↓ housing insecurity / ↑ access to shelter & services → potential ↓ climate-related health risk during extreme events,"(1) Human/system change: The policy provides immediate, stable housing (often with supportive services) to people experiencing homelessness, reducing time spent unsheltered.  
(2) Mediating process: Stable shelter reduces exposure to environmental conditions (heat, cold, smoke, storms) and can improve access to healthcare and emergency communications.  
(3) Climate-relevant outcome: Where climate hazards occur, the population’s vulnerability and potential climate-related morbidity/mortality can be reduced; however, the dominant stated outcomes are social/health rather than explicitly climate-driven.","The single biggest effect of policies using this mechanism is improved housing stability and social/health outcomes for unhoused populations, not a direct climate mitigation, adaptation, resource-efficiency, or nature-based outcome.","1) Dominant causal pathway: The mechanism’s main operational effect is moving people from unsheltered/unstable conditions into stable housing; the only plausible climate pathway is reduced exposure/vulnerability to climate hazards (an adaptation framing).  
2) Why this primary over alternatives: It does not inherently target GHG reductions (Mitigation), energy/material input reductions per unit service (Resource Efficiency), or ecosystem enhancement/carbon sinks (Nature-Based Solutions).  
3) Edge cases applied: Housing programs can sometimes have mitigation/resource-efficiency co-benefits (e.g., efficient building standards, reduced emergency-service use), but these are not intrinsic to “Housing First” and are not specified here.  
4) Confirm primary applies to ALL instances: Across contexts, “Housing First” consistently prioritizes immediate housing stability; the most generally applicable climate-relevant interpretation (when present) is vulnerability reduction rather than emissions or ecosystem outcomes.  
5) Secondary subtype assignment deferred: Any finer tagging (e.g., “heat-risk reduction,” “public health resilience,” or “none/neutral”) depends on policy-level details (housing type, siting, building standards, explicit hazard aims) not provided in this mechanism statement.",0.55,"This mechanism is often primarily non-climate; classification as Adaptation is only justified insofar as stable housing can reduce exposure/vulnerability to climate extremes. If a taxonomy allows a “Non-climate/Other” primary category, that would likely be more accurate absent explicit climate linkage.",planning-strategy,enabling,indirect,"""Employ a 'Housing First' approach""",Reduced chronic homelessness; improved health and service access; reduced emergency service use; improved public safety/community wellbeing.,"Could also be implemented via infrastructure-investment or incentive-program (e.g., supportive housing development, vouchers), but the statement itself specifies an approach/strategy without naming funding, mandates, or standards.",[],False,canonical_mechanism flagged as non-climate: housing_first,True,no typology code,"Homelessness: continue and enhance coordinated prevention, diversion, and regional measures to reduce the total unsheltered homeless population by 50% and achieve functional zero homelessness in 2050.",drop,auto: climate_screen=exclude,1.0,,,True
7,parent_with_subs,sub,cross_sector,HOMELESSNESS,Reduce the number of individuals in poverty.,"Homelessness: continue and enhance coordinated prevention, diversion, and regional measures to reduce the total unsheltered homeless population by 50% and achieve functional zero homelessness in 2050.",standalone parent policy,- Reduce the number of individuals in poverty,Explicit outcome goal listed as part of homelessness strategy.,Las_Vegas_Nevada_United_States,No vulnerability context provided,Las_Vegas_Nevada_United_States::5cce772307d177a5bc2709a5,Las_Vegas_Nevada_United_States::5cce772307d177a5bc2709a5,False,False,poverty_reduction → adaptive_capacity_increase,Reducing poverty can increase households’ and communities’ capacity to cope with climate impacts by improving access to resources and services.,None,0.0,None,None,,guide_secondary_typology_v1,policy_text_evidence_gated,explicit_self,no,Adaptation,Climate hazard → ↑ coping capacity / ↓ vulnerability → ↓ exposure & sensitivity → ↓ climate impact damages,"(1) Change in human/system activity: Policies reduce poverty and improve household/community access to income, stable housing, healthcare, education, utilities, and emergency support.  
(2) Mediating process: Increased material resources and social service access improve preparedness (e.g., supplies, communications), protective actions (e.g., cooling during heat waves, evacuation ability), robustness (e.g., safer housing), and recovery capacity (e.g., savings/insurance, ability to replace losses).  
(3) Climate-relevant outcome: Lower mortality/morbidity and economic disruption from climate-related extremes (heat, floods, storms, wildfire smoke) through reduced vulnerability and faster recovery.","The single biggest climate-relevant effect is reduced vulnerability and harm from climate hazards because higher incomes/resources increase adaptive capacity (e.g., preparedness, insurance, access to cooling/healthcare, ability to relocate or retrofit).","1) Dominant causal pathway: Poverty reduction increases adaptive capacity, which reduces climate risk impacts when hazards occur.  
2) Why Adaptation over alternatives: The primary intended and most general climate-relevant effect is vulnerability reduction, not direct emissions cuts (Mitigation) or reduced resource inputs per service (Resource Efficiency) or ecosystem-mediated benefits (Nature-Based Solutions).  
3) Edge cases applied: Some anti-poverty policies may incidentally raise or lower emissions (e.g., increased consumption vs. efficiency upgrades), but those effects are not inherent/dominant across the mechanism; the consistent effect is improved coping capacity.  
4) Applicability to ALL instances: Any policy whose core mechanism is poverty reduction → increased adaptive capacity will, by definition, operate through vulnerability/coping pathways, fitting Adaptation as the primary category.  
5) Note on secondary assignment: More specific subtypes (e.g., heat resilience, disaster preparedness, health adaptation) require policy-level detail and are deferred.",0.84,"Anti-poverty measures can have mixed emissions side-effects (higher consumption vs. enabling efficient appliances/housing), but these are context-dependent and not the dominant shared pathway; classification remains Adaptation unless the policy explicitly ties poverty reduction to a primary emissions-cutting mechanism.",target-setting,enabling,indirect,"""Reduce the number of individuals in poverty""",None,"High-level goal only; no implementable instrument is named (could map to incentive-program/income support, housing programs, etc. if specified). No explicit climate framing in the text, so relevance is inferred via vulnerability pathway rather than stated.",[],True,matched token: 'adapt',True,no typology code,"Homelessness: continue and enhance coordinated prevention, diversion, and regional measures to reduce the total unsheltered homeless population by 50% and achieve functional zero homelessness in 2050.",,,,,,
