cluster_id,cluster_type,role,sector,section_header,policy_statement,parent_statement,parent_row_type,verbatim_text,extraction_rationale,location,location_vulnerability_context,row_key,source_bundle_key,is_atomized_row,is_decomposed,canonical_mechanism,mechanism_description,typology_code,typology_confidence,typology_evidence_quote,secondary_categories,gate_demoted_reason,classification_schema_version,secondary_profile,climate_screen,is_financial_instrument,primary_category,primary_causal_pathway,causal_mechanism_detail,dominant_pathway_test,mechanism_classification_reasoning,mechanism_confidence,mechanism_edge_case_notes,instrument_type,instrument_directness,climate_relevance,key_indicators,co_benefits,instance_edge_case_notes,language_violations,primary_gate_passed,primary_gate_reason,secondary_gate_passed,secondary_gate_reason,parent_policy_name,rescue_disposition,rescue_reasoning,rescue_confidence,primary_gate_rescued,dropped_by_climate_rescue
0,parent_with_subs,parent,energy_supply,3.1 Goal 1: Achieving Sustainable Economic Growth and Low-Emission Development in Various Sectors,Objective (1.a): Energy transition by increasing the share of all renewable and alternative energy sources in the energy mix.,,standalone parent policy,"Objective (1.a): Energy transition by increasing the share of all renewable and alternative energy sources in the energy mix

The Ministry of Electricity and Renewable Energy has taken several measures aimed at increasing the contribution of new and renewable energy, which is planned to reach 42% of the total electrical energy produced in 2035.","This objective sets a quantified target (42% renewables in electricity by 2035) and is followed by a list of implementation directions, making it an umbrella policy.",Egypt,No vulnerability context provided,Egypt::4461e5fb52a42067af46739f,Egypt::4461e5fb52a42067af46739f,False,False,renewable_energy_procurement → grid_decarbonization,"The ministry plans to increase the share of renewable and alternative sources in the electricity mix, which displaces fossil-based generation and lowers power-sector emissions.",None,0.0,None,None,"evidence quote missing one of: [efficien, kwh, kw·h, per capita, ...]; evidence quote missing secondary subtype token: [efficien, kwh, kw·h, per capita, ...]",guide_secondary_typology_v1,policy_text_evidence_gated,explicit_self,no,Mitigation,Electricity procurement / demand shift → ↑ renewable generation share → ↓ fossil generation → ↓ CO₂e emissions → ↓ atmospheric forcing,"(1) Change in human activity/system: The city changes electricity sourcing for public buildings (and sometimes broader municipal operations) to purchase/contract for renewable electricity rather than conventional grid mix.  
(2) Mediating physical process: Increased renewable electricity supply (via PPAs, RECs, utility green tariffs, or on-/off-site projects) reduces the need for fossil-fueled power plants to generate electricity, lowering combustion-related emissions (and associated upstream fuel-cycle emissions).  
(3) Climate-relevant outcome: Net reduction in CO₂e emissions from electricity generation attributable to municipal electricity consumption, contributing to overall grid decarbonization and lower cumulative emissions.",The single biggest climate-relevant effect is reducing GHG emissions by replacing fossil electricity generation with renewable electricity on the grid.,"1) Dominant causal pathway: The core causal chain is “procure more renewable electricity → displace fossil generation → reduce GHG emissions,” which is directly mitigation-focused.  
2) Why this primary over alternatives: While renewable procurement can incidentally improve energy security or price stability (resource efficiency/resilience co-benefits), the dominant and intended climate effect is emissions reduction from the power sector.  
3) Edge cases applied: If a policy only claims “renewable” via unbundled certificates with weak additionality, real-world emissions impacts can be smaller; however, the mechanism as stated still targets grid decarbonization via renewable sourcing and is best categorized as Mitigation.  
4) Applicability to ALL instances: Any policy that increases renewable electricity procurement/use (especially for municipal/public buildings) operates through the same primary pathway of reducing fossil-based electricity emissions.  
5) Note on secondary subtypes: Any secondary subtype distinctions (e.g., municipal operations vs. community-wide targets; on-site generation vs. procurement instruments; REC quality/additionality) require policy-specific evidence and are deferred to policy-level assessment.",0.92,"Emissions benefits depend on additionality and accounting (e.g., bundled vs. unbundled RECs, local vs. remote procurement, marginal grid emissions). Some “clean energy” targets may include nuclear or fossil w/ CCS; classification remains Mitigation because the dominant intended pathway is reduced power-sector GHG emissions.",target-setting,enabling,direct,“planned to reach 42%”; “increasing the contribution of new and renewable energy”; “increasing the share…in the energy mix”; “energy transition”,None,"“Taken several measures” is mentioned but not specified; classification is therefore anchored on the explicit renewable-share target (42% by 2035) rather than an identifiable regulatory, incentive, or procurement instrument.",[],True,matched token: 'carbon',True,no typology code,,,,,,
0,parent_with_subs,sub,energy_supply,Objective (1.a): Energy transition by increasing the share of all renewable and alternative energy sources in the energy mix,"Deploy centralized renewable energy systems at large scale, including wind farms, concentrated solar power (CSP), solar PV plants, and bioenergy plants.",Objective (1.a): Energy transition by increasing the share of all renewable and alternative energy sources in the energy mix.,standalone parent policy,"The following directions contribute to achieving this objective:

-  Deployment of centralized systems of renewable energy on a large scale, such as wind farms, concentrated solar power (CSP), solar photovoltaic plants, as well as bioenergy plants",Concrete implementation direction listed under Objective (1.a).,Egypt,No vulnerability context provided,Egypt::c5dbbcad6216b98d2d8a2a3a,Egypt::c5dbbcad6216b98d2d8a2a3a,False,False,renewable_energy_procurement → grid_decarbonization,"Deploying large-scale centralized renewable energy systems increases renewable generation and displaces fossil electricity generation, lowering power-sector emissions.",None,0.0,None,None,"evidence quote missing one of: [efficien, kwh, kw·h, per capita, ...]; evidence quote missing secondary subtype token: [efficien, kwh, kw·h, per capita, ...]",guide_secondary_typology_v1,policy_text_evidence_gated,explicit_self,no,Mitigation,Electricity procurement / demand shift → ↑ renewable generation share → ↓ fossil generation → ↓ CO₂e emissions → ↓ atmospheric forcing,"(1) Change in human activity/system: The city changes electricity sourcing for public buildings (and sometimes broader municipal operations) to purchase/contract for renewable electricity rather than conventional grid mix.  
(2) Mediating physical process: Increased renewable electricity supply (via PPAs, RECs, utility green tariffs, or on-/off-site projects) reduces the need for fossil-fueled power plants to generate electricity, lowering combustion-related emissions (and associated upstream fuel-cycle emissions).  
(3) Climate-relevant outcome: Net reduction in CO₂e emissions from electricity generation attributable to municipal electricity consumption, contributing to overall grid decarbonization and lower cumulative emissions.",The single biggest climate-relevant effect is reducing GHG emissions by replacing fossil electricity generation with renewable electricity on the grid.,"1) Dominant causal pathway: The core causal chain is “procure more renewable electricity → displace fossil generation → reduce GHG emissions,” which is directly mitigation-focused.  
2) Why this primary over alternatives: While renewable procurement can incidentally improve energy security or price stability (resource efficiency/resilience co-benefits), the dominant and intended climate effect is emissions reduction from the power sector.  
3) Edge cases applied: If a policy only claims “renewable” via unbundled certificates with weak additionality, real-world emissions impacts can be smaller; however, the mechanism as stated still targets grid decarbonization via renewable sourcing and is best categorized as Mitigation.  
4) Applicability to ALL instances: Any policy that increases renewable electricity procurement/use (especially for municipal/public buildings) operates through the same primary pathway of reducing fossil-based electricity emissions.  
5) Note on secondary subtypes: Any secondary subtype distinctions (e.g., municipal operations vs. community-wide targets; on-site generation vs. procurement instruments; REC quality/additionality) require policy-specific evidence and are deferred to policy-level assessment.",0.92,"Emissions benefits depend on additionality and accounting (e.g., bundled vs. unbundled RECs, local vs. remote procurement, marginal grid emissions). Some “clean energy” targets may include nuclear or fossil w/ CCS; classification remains Mitigation because the dominant intended pathway is reduced power-sector GHG emissions.",infrastructure-investment,direct,direct,"""Deployment of centralized systems of renewable energy on a large scale""; ""wind farms""; ""concentrated solar power (CSP)""; ""solar photovoltaic plants""; ""bioenergy plants""",Air quality improvements; energy security/reliability; local jobs/economic development,"Could also be implemented via procurement/PPAs or targets, but the text itself emphasizes physical deployment of generation infrastructure rather than a procurement requirement or target-setting.",[],True,matched token: 'carbon',True,no typology code,Objective (1.a): Energy transition by increasing the share of all renewable and alternative energy sources in the energy mix.,,,,,
0,parent_with_subs,sub,energy_supply,Objective (1.a): Energy transition by increasing the share of all renewable and alternative energy sources in the energy mix,"Promote small-scale decentralized renewable systems including waste-to-energy, bioenergy, rooftop PV, and solar water heaters.",Objective (1.a): Energy transition by increasing the share of all renewable and alternative energy sources in the energy mix.,standalone parent policy,"-  Promoting small-scale decentralized systems including waste, bioenergy, rooftop photovoltaic solar cells and solar water heaters",Specific intervention to scale decentralized renewables.,Egypt,No vulnerability context provided,Egypt::f8ff4d2ba16bb163d812a9ac,Egypt::f8ff4d2ba16bb163d812a9ac,False,False,distributed_renewable_energy_deployment → fossil_generation_displacement,Promoting small-scale decentralized renewable and solar thermal systems increases low-carbon energy supply and displaces fossil-based generation and fuel use.,None,0.0,None,None,"evidence quote missing one of: [efficien, kwh, kw·h, per capita, ...]; evidence quote missing secondary subtype token: [efficien, kwh, kw·h, per capita, ...]",guide_secondary_typology_v1,policy_text_evidence_gated,explicit_self,no,Mitigation,Distributed renewable deployment → fossil electricity/heat displacement → ↓ CO₂/CH₄ emissions → ↓ atmospheric forcing,"(1) Changes the energy supply mix by adding decentralized generation/thermal systems (e.g., rooftop PV, solar water heaters, small bioenergy or waste-to-energy). (2) These systems produce electricity or useful heat with substantially lower lifecycle emissions than fossil alternatives, thereby reducing operation of fossil power plants and/or combustion of fossil fuels for water/space heating. (3) The outcome is reduced GHG emissions (primarily CO₂, and potentially CH₄ where waste-to-energy captures methane) from the displaced fossil generation and fuel use.",Deploying distributed renewables most significantly lowers GHG emissions by displacing fossil-based electricity and thermal energy generation.,"1) Dominant causal pathway: adding distributed renewable electricity/heat reduces fossil generation and direct fossil fuel combustion, cutting GHG emissions.  
2) Why Mitigation over alternatives: the largest climate-relevant effect is emissions avoidance (CO₂/CH₄), not primarily energy efficiency/resource minimization, hazard reduction (adaptation), or ecosystem carbon sequestration (NBS).  
3) Edge cases applied: if a program is framed around energy access/resilience, the mechanism still chiefly operates via fossil displacement when renewables replace fossil generation; hybrid systems with storage do not change the primary emissions-displacement pathway.  
4) Applicability to ALL instances: any policy that deploys distributed renewables with the intent/effect of substituting for fossil electricity/heat shares the same dominant mitigation pathway.  
5) Note on subtypes: secondary subtype assignment (e.g., electricity vs thermal, waste-to-energy vs PV, grid-connected vs off-grid, lifecycle emissions considerations) is deferred to policy-level evidence.",0.92,"Waste-to-energy and some bioenergy can have variable lifecycle emissions; if deployed without meaningful fossil displacement or with high upstream emissions, mitigation benefits may be smaller, but the intended dominant mechanism remains fossil displacement.",incentive-program,enabling,direct,"""Promoting""; ""small-scale decentralized systems""; ""waste""; ""bioenergy""; ""rooftop photovoltaic solar cells""; ""solar water heaters""",Improved air quality/health; energy access and reliability; reduced waste to landfill (waste management); local jobs/economic development,"“Promoting” is nonspecific and could be implemented via multiple tools (incentives, targets, streamlined permitting, mandates). Classified as an incentive-program/enabling instrument because no mandatory language, standards, or targets are stated.",[],True,matched token: 'fossil',True,no typology code,Objective (1.a): Energy transition by increasing the share of all renewable and alternative energy sources in the energy mix.,,,,,
0,parent_with_subs,sub,energy_supply,Objective (1.a): Energy transition by increasing the share of all renewable and alternative energy sources in the energy mix,"Develop technologies to accommodate renewable energy use, such as intelligent control systems.",Objective (1.a): Energy transition by increasing the share of all renewable and alternative energy sources in the energy mix.,standalone parent policy,"-  Developing  new  technologies  to  accommodate  the  use  of  renewable  energy sources,  such  as  intelligent  control  systems",Specific technology development direction under Objective (1.a).,Egypt,No vulnerability context provided,Egypt::2dc9517573bce8065f5e2305,Egypt::2dc9517573bce8065f5e2305,False,False,smart_grid_control_systems → grid_flexibility_and_renewable_integration,"Developing intelligent control systems and other new technologies helps accommodate renewable energy sources on the grid, improving integration and enabling displacement of fossil-based generation.",None,0.0,None,None,,guide_secondary_typology_v1,policy_text_evidence_gated,explicit_self,no,Mitigation,Grid operations upgrade (smart controls) → ↑ flexibility/renewable integration → ↓ fossil generation → ↓ GHG emissions → ↓ atmospheric forcing,"(1) Change in system/activity: Utilities/grid operators deploy intelligent control systems (advanced monitoring, automation, forecasting, dispatch optimization, demand response coordination, voltage/frequency control) to manage supply and demand in real time. (2) Mediating process: Improved controllability and flexibility reduces curtailment of variable renewables, supports balancing and ancillary services, and increases the feasible share of wind/solar while maintaining reliability. (3) Climate-relevant outcome: Renewables produce a larger fraction of delivered electricity, displacing fossil generation and reducing CO₂ (and other) emissions from the power sector.","Enabling greater renewable energy integration reduces fossil-based electricity generation, thereby lowering grid GHG emissions.","1) Dominant causal pathway: smart grid controls → greater renewable integration/flexibility → fossil generation displacement → lower GHG emissions.  
2) Why Mitigation over alternatives: The central, largest climate effect is reducing power-sector emissions; any energy-efficiency gains or resilience benefits are typically secondary to enabling renewables at scale.  
3) Edge cases applied: If a program is justified mainly for outage management or extreme-weather resilience with no material link to renewable integration or emissions impacts, it could lean Adaptation, but that is not the canonical mechanism described here (renewable integration/displacement is explicit).  
4) Applicability to ALL instances: Any policy that fits this mechanism (smart controls specifically to integrate renewables and increase flexibility) has the same primary mitigation pathway via fossil displacement, even if local grid mixes differ.  
5) Note on secondary assignment: Secondary subtype (e.g., “enabling infrastructure,” “grid flexibility,” “demand response,” “digitalization”) should be assigned at the individual policy level based on implementation details and evidence, not at this mechanism-level classification.",0.9,"Smart-grid deployments can also deliver adaptation/resilience (fault detection, islanding, faster restoration) and sometimes efficiency benefits; classification would only change if the policy’s dominant objective and quantified impact is resilience rather than renewable integration/fossil displacement.",incentive-program,enabling,direct,"""Developing new technologies""; ""accommodate the use of renewable energy sources""; ""intelligent control systems""",Improved grid reliability/resilience; potential cost savings and power quality improvements,Could alternatively be framed as infrastructure investment if the intent were deployment/installation of control systems on the grid; text emphasizes technology development (R&D) rather than rollout or required operational changes.,[],True,matched token: 'renewable',True,no typology code,Objective (1.a): Energy transition by increasing the share of all renewable and alternative energy sources in the energy mix.,,,,,
0,parent_with_subs,sub,energy_supply,Objective (1.a): Energy transition by increasing the share of all renewable and alternative energy sources in the energy mix,Optimize renewable energy use in off-grid applications.,Objective (1.a): Energy transition by increasing the share of all renewable and alternative energy sources in the energy mix.,standalone parent policy,- ‡ Optimizing the use of renewable energy in off-grid applications,Actionable direction supporting energy transition.,Egypt,No vulnerability context provided,Egypt::6f74338c9159107559f3c0b5,Egypt::6f74338c9159107559f3c0b5,False,False,renewable_energy_optimization_off_grid → fossil_generation_displacement,"Optimizing renewable energy use in off-grid applications increases reliance on renewables and displaces fossil energy use, reducing associated greenhouse gas emissions.",None,0.0,None,None,evidence_quote not substring-grounded in source,guide_secondary_typology_v1,policy_text_evidence_gated,explicit_self,no,Mitigation,Energy service demand (off-grid power) → ↑ renewable generation/dispatch + ↓ fossil generator runtime → ↓ fuel combustion → ↓ GHG emissions → ↓ atmospheric forcing,"(1) Change in system/activity: Off-grid power systems are operated/managed to prioritize and better utilize renewable resources (solar/wind/hybrid mini-grids), often via improved controls, storage integration, and demand management to reduce reliance on backup fossil generators.  
(2) Mediating physical process: Increased renewable electricity production and improved dispatch reduce fossil fuel consumption and associated CO₂ (and some CH₄/N₂O) emissions from combustion.  
(3) Climate-relevant outcome: Lower lifecycle and especially operational GHG emissions from off-grid energy supply due to reduced fossil generation.","The single biggest climate-relevant effect is displacement of off-grid fossil electricity/energy generation (e.g., diesel gensets) by renewables, reducing GHG emissions.","1) Dominant causal pathway: Increasing effective renewable use in off-grid applications displaces fossil generation, cutting combustion emissions—this is a direct emissions reduction pathway.  
2) Why this primary over alternatives: While improved “optimization” can look like efficiency, the defining effect described is higher renewable reliance and fossil displacement, which is mitigation via decarbonizing supply rather than “same service → less energy input” (Resource Efficiency).  
3) Edge cases applied: If optimization were purely about reducing total demand (efficiency) without changing fuel mix, it could shift toward Resource Efficiency; if focused on resilience of off-grid supply to climate hazards, it could be Adaptation. The stated mechanism explicitly centers fossil displacement via renewables.  
4) Applies to ALL instances sharing this mechanism: Any policy that optimizes renewables in off-grid contexts with the intent/effect of displacing fossil generators will have its largest climate effect through reduced fossil fuel combustion emissions.  
5) Secondary subtype assignment deferred: Specific subtypes (e.g., solar+storage, microgrids, demand response, operational controls) require policy-level evidence and are not assigned here.",0.86,Potential ambiguity if “optimization” refers mainly to energy efficiency or reliability/resilience rather than increased renewable share; classification assumes the mechanism’s defining feature is fossil generation displacement in off-grid systems.,planning-strategy,direct,direct,"""Optimizing the use of renewable energy""; ""off-grid applications""",Improved energy access/reliability; reduced local air pollution and noise from diesel generators; lower operating fuel costs,"No explicit instrument is named (e.g., standard, incentive, target, or procurement), so classification defaults to a generic planning/strategy action rather than a regulatory or financial instrument.",[],True,matched token: 'fossil',True,no typology code,Objective (1.a): Energy transition by increasing the share of all renewable and alternative energy sources in the energy mix.,,,,,
0,parent_with_subs,sub,energy_supply,Objective (1.a): Energy transition by increasing the share of all renewable and alternative energy sources in the energy mix,"Use energy storage technologies such as batteries, molten salt, and pumped storage.",Objective (1.a): Energy transition by increasing the share of all renewable and alternative energy sources in the energy mix.,standalone parent policy,"-  Take advantage of energy storage technologies, such as batteries, molten salt and pumped storage",Specific technology deployment direction.,Egypt,No vulnerability context provided,Egypt::c3f8c382472481da4d3fcd0a,Egypt::c3f8c382472481da4d3fcd0a,False,False,energy_storage_deployment → grid_flexibility_and_renewable_integration,"Using energy storage technologies increases grid flexibility, helping integrate more renewable electricity and reduce reliance on fossil generation.",None,0.0,None,None,"evidence quote missing one of: [ghg, greenhouse gas, greenhouse gases, emission, ...]; evidence quote missing secondary subtype token: [hazard, exposure, vulnerab, resilien, ...]",guide_secondary_typology_v1,policy_text_evidence_gated,explicit_parent,no,Mitigation,"Grid operation/infrastructure change → ↑ flexibility & renewable integration (↓ curtailment, ↓ peakers) → ↓ fossil generation → ↓ GHG emissions → ↓ atmospheric forcing","1) Change in human activity/system: Utilities, cities, and building/campus operators deploy electrical storage (batteries/thermal storage) and enable interconnection (distribution upgrades, microgrids) to shift load and provide ancillary services.  
2) Mediating physical process: Storage absorbs electricity when supply is abundant (often renewable) and discharges during higher-demand periods, providing ramping/firming, frequency/voltage support, and reserves; this reduces renewable curtailment and decreases reliance on inefficient, high-emitting marginal generators (often gas peakers).  
3) Climate-relevant outcome: Lower grid emissions intensity and total power-sector GHG emissions due to increased renewable utilization and reduced fossil generation.","The single biggest climate-relevant effect is enabling higher renewable electricity penetration (and less fossil peaking/curtailment) through added grid flexibility, thereby reducing GHG emissions.","1) Dominant causal pathway: Storage/interconnection primarily functions to integrate renewables and reduce fossil marginal generation, yielding emissions reductions.  
2) Why this primary over alternatives: While storage can also improve reliability/resilience (adaptation co-benefit) and improve system efficiency (resource efficiency co-benefit), the mechanism as stated centers on renewable integration and grid flexibility—i.e., decarbonizing electricity supply.  
3) Edge cases applied: If storage is charged predominantly from fossil-heavy grids or used mainly for backup diesel displacement/critical power without increasing renewable utilization, mitigation benefits could be smaller or mixed; nevertheless, the canonical mechanism defined here is explicitly “grid flexibility and renewable integration,” which is mitigation-dominant.  
4) Confirm primary applies to ALL instances: Any policy whose core mechanism is deploying storage to increase flexibility for higher renewable penetration has its largest climate effect through reduced fossil generation and avoided GHG emissions.  
5) Secondary subtype deferred: Whether a given policy is better characterized secondarily as enabling renewables, peak shaving, ancillary services, microgrids/resilience, or demand response depends on policy-specific design and grid context and is deferred to policy-level evidence.",0.86,"Storage can be adaptation-relevant when framed as backup/resilience (e.g., outage mitigation via microgrids), and emissions impacts depend on charging source and dispatch rules; however, under this mechanism’s definition (renewable integration via flexibility), mitigation remains the dominant category.",planning-strategy,enabling,direct,"""Take advantage of energy storage technologies""; ""batteries""; ""molten salt""; ""pumped storage""",Improved grid reliability/resilience; reduced peak demand and local air pollutants from peaker plants,"Could be classified as infrastructure-investment if the surrounding text clearly commits funding/buildout; here it is phrased as a general action/recommendation without an explicit investment, mandate, or incentive.",[],True,matched token: 'renewable',True,no typology code,Objective (1.a): Energy transition by increasing the share of all renewable and alternative energy sources in the energy mix.,,,,,
0,parent_with_subs,sub,energy_supply,Objective (1.a): Energy transition by increasing the share of all renewable and alternative energy sources in the energy mix,"Include alternative energy sources such as green hydrogen, blue hydrogen, and nuclear energy in the energy mix.",Objective (1.a): Energy transition by increasing the share of all renewable and alternative energy sources in the energy mix.,standalone parent policy,"-  Inclusion of new alternative energy sources, such as green hydrogen, blue hydrogen and nuclear energy",Explicit intervention naming technologies to be included.,Egypt,No vulnerability context provided,Egypt::b7ef48337780d021a451cd9c,Egypt::b7ef48337780d021a451cd9c,False,False,alternative_low_carbon_energy_inclusion → grid_decarbonization,"Including green hydrogen, blue hydrogen, and nuclear energy in the energy mix increases low-carbon energy supply and helps reduce emissions from energy generation.",None,0.0,None,None,"evidence quote missing one of: [efficien, kwh, kw·h, per capita, ...]; evidence quote missing secondary subtype token: [efficien, kwh, kw·h, per capita, ...]",guide_secondary_typology_v1,policy_text_evidence_gated,explicit_parent,no,Mitigation,Energy supply mix shift → ↓ carbon intensity of electricity/fuels → ↓ GHG emissions → ↓ atmospheric forcing,"(1) Change: Policy enables and scales alternative energy sources (e.g., nuclear power, green hydrogen production/use; sometimes blue hydrogen) to displace fossil-based electricity and fuels in the energy system.  
(2) Mediating process: Substitution reduces combustion of coal/oil/gas (and/or reduces net emissions via low-carbon generation pathways), decreasing CO₂ (and in some cases CH₄) emitted per unit of energy delivered; for hydrogen pathways, lifecycle emissions depend on production method and upstream leakage.  
(3) Outcome: Lower total and/or per-kWh (or per-MJ) GHG emissions from the power/energy sector—i.e., grid/energy-system decarbonization.",The single biggest climate-relevant effect is lowering lifecycle GHG emissions from energy generation by increasing the share of low-carbon energy in the supply mix (grid decarbonization).,"1) Dominant causal pathway: Increasing low-carbon energy supply displaces higher-carbon generation, directly reducing energy-sector GHG emissions.  
2) Why Mitigation over alternatives: The primary intended and typical largest climate effect is emissions reduction (not improved efficiency per se, not hazard resilience, and not ecosystem-based carbon sinks).  
3) Edge cases applied: “Blue hydrogen” can be low-carbon only under stringent methane-leak controls and high CO₂ capture rates; if poorly implemented it may not deliver large reductions, but the mechanism’s aim and primary pathway remain emissions mitigation via decarbonized supply. Nuclear’s climate effect is likewise primarily mitigation through low operational emissions.  
4) Applicability to ALL instances: Any policy that includes/expands alternative low-carbon energy sources to decarbonize the grid shares the same primary mitigation pathway (supply mix shift → lower emissions intensity).  
5) Note on secondary subtypes: Any further subtype (e.g., electricity vs. fuels, hydrogen standards, nuclear deployment, upstream methane controls) depends on policy-specific design and evidence and is deferred to policy-level assessment.",0.86,"Blue hydrogen’s net mitigation impact is highly sensitive to upstream methane leakage and CO₂ capture rates; some implementations could be marginal or even higher-emitting than alternatives, but the mechanism classification remains Mitigation because the dominant intended pathway is grid/energy-supply decarbonization.",planning-strategy,enabling,direct,“Inclusion of new alternative energy sources”; “green hydrogen”; “blue hydrogen”; “nuclear energy”; “in the energy mix”,Energy security/diversification; air quality and health improvements (via reduced fossil combustion); industrial development/innovation,"“Blue hydrogen” can be climate-beneficial or not depending on capture rates and upstream methane leakage; the statement does not specify lifecycle emissions requirements or safeguards. Also, no explicit targets/mandates or investment instruments are mentioned, so classification stays at planning/strategy rather than target-setting or infrastructure investment.",[],True,matched token: 'carbon',True,no typology code,Objective (1.a): Energy transition by increasing the share of all renewable and alternative energy sources in the energy mix.,,,,,
0,parent_with_subs,sub,industry,Objective (1.a): Energy transition by increasing the share of all renewable and alternative energy sources in the energy mix,Increase renewable electricity generation within industrial facilities and use solar thermal energy in industrial processes.,Objective (1.a): Energy transition by increasing the share of all renewable and alternative energy sources in the energy mix.,standalone parent policy,-  Increasing  the  use  of  renewable  energy  to  generate  electricity  within  industrial facilities  and  the  applications  of  solar  thermal  energy  in  industrial  processes,Sector-specific deployment direction (industry).,Egypt,No vulnerability context provided,Egypt::dcd20ec99d1c28403f45e05f,Egypt::dcd20ec99d1c28403f45e05f,False,False,industrial_renewable_energy_generation → industrial_emissions_reduction,It increases renewable electricity generation within industrial facilities and uses solar thermal energy in industrial processes to displace fossil energy and reduce industrial emissions.,None,0.0,None,None,,guide_secondary_typology_v1,policy_text_evidence_gated,explicit_self,no,Mitigation,Industrial energy supply (electricity + heat) fuel switching → ↓ fossil fuel combustion / ↓ grid-emissions intensity → ↓ GHG emissions → ↓ atmospheric forcing,"1) Change in human activity/system: Industrial facilities deploy on-site renewable electricity (e.g., PV/wind) and integrate solar thermal to provide process heat, reducing fossil fuel use and/or fossil-heavy grid electricity purchases.  
2) Mediating physical process: Renewable generation and solar thermal provide energy services without (or with much lower) direct combustion; this reduces CO₂ (and some CH₄/N₂O) emissions associated with fuel burning and lowers indirect emissions from electricity consumption by replacing higher-carbon generation.  
3) Climate-relevant outcome: Net reduction in industrial GHG emissions (primarily CO₂), contributing to mitigation.",The single biggest climate-relevant effect is reduced industrial GHG emissions by displacing fossil electricity and process heat with renewable energy.,"1) Dominant causal pathway: Fuel switching in industrial electricity and heat supply to renewables → reduced combustion and/or reduced grid-related emissions → lower GHG emissions.  
2) Why this primary over alternatives: While efficiency/resource productivity can be co-benefits, the mechanism’s defining lever is energy source substitution (renewables replacing fossil energy), whose main climate effect is direct emissions abatement—i.e., mitigation.  
3) Edge cases applied: If renewables are added without displacing fossil generation (pure load growth) or are primarily for resilience/backup, mitigation impact could be smaller; however the canonical mechanism explicitly states displacement to reduce industrial emissions, keeping mitigation dominant.  
4) Applies to ALL instances sharing this mechanism: Any policy that increases renewable electricity generation within industrial facilities and uses solar thermal for industrial processes is primarily aimed at cutting GHG emissions via fossil displacement, so Mitigation remains the correct primary category across instances.  
5) Secondary subtype assignment deferred: Specific subtypes (e.g., on-site PV vs solar thermal process heat; Scope 1 vs Scope 2 emphasis) require policy-level implementation details and are not assigned here.",0.9,"If the renewable energy deployment is not incremental (e.g., re-labeling existing renewables) or does not actually displace fossil energy (e.g., serves new demand), realized mitigation may be limited; if framed mainly as energy security/resilience with minimal displacement, adaptation-like co-benefits could appear, but the dominant mechanism remains emissions reduction.",planning-strategy,enabling,direct,“Increasing the use of renewable energy to generate electricity within industrial facilities”; “applications of solar thermal energy in industrial processes”,Potential air pollution reduction and improved industrial energy security/cost stability,Could alternatively be coded as a target-setting or incentive-program if the broader document specifies quantitative targets or financial support; the provided text alone lacks those features.,[],True,matched token: 'emission',True,no typology code,Objective (1.a): Energy transition by increasing the share of all renewable and alternative energy sources in the energy mix.,,,,,
0,parent_with_subs,sub,energy_supply,Objective (1.a): Energy transition by increasing the share of all renewable and alternative energy sources in the energy mix,Phase out coal and switch to low-carbon fuels.,Objective (1.a): Energy transition by increasing the share of all renewable and alternative energy sources in the energy mix.,standalone parent policy,-  Phasing out coal and switching to low carbon fuels,Clear fuel-switching commitment.,Egypt,No vulnerability context provided,Egypt::39ceb2c01ee66efc15ea8fe6,Egypt::39ceb2c01ee66efc15ea8fe6,False,False,coal_phaseout_and_fuel_switching → grid_decarbonization,Phasing out coal and switching to low-carbon fuels reduces emissions by lowering the carbon intensity of energy generation.,None,0.0,None,None,"evidence quote missing one of: [hazard, exposure, vulnerab, resilien, ...]; evidence quote missing secondary subtype token: [hazard, exposure, vulnerab, resilien, ...]",guide_secondary_typology_v1,policy_text_evidence_gated,explicit_self,no,Mitigation,Electricity/heat generation fuel mix change → ↓ fossil CO₂ (and lifecycle CH₄) emissions intensity → ↓ total GHG emissions → ↓ atmospheric forcing,"1) Changed activity/system: Utilities and governments retire/limit coal-fired generation and replace it with lower-carbon supply (renewables, nuclear, or higher-efficiency/lower-carbon fossil options) and associated grid operations/procurement.  
2) Mediating physical process: Reduced coal combustion (high carbon content per kWh) and increased generation from lower- or zero-carbon sources lowers direct stack CO₂ emissions; depending on the substitute fuel, lifecycle methane leakage and upstream emissions may also change.  
3) Climate-relevant outcome: Net reduction in power-sector GHG emissions (primarily CO₂), producing lower economy-wide emissions where electrification is present and lowering cumulative radiative forcing.",The single biggest climate-relevant effect is reduced CO₂ (and often CH₄) emissions from electricity/heat generation by lowering the grid’s carbon intensity through coal retirement and low-carbon fuel substitution.,"1) Dominant causal pathway: Reducing the carbon intensity of electricity/heat generation by phasing out coal and switching fuels leads to lower direct combustion emissions, yielding net GHG reductions.  
2) Why this primary over alternatives: While there can be co-benefits (air quality, energy security) or efficiency effects, the primary climate-relevant effect across all such policies is emissions mitigation from the power sector.  
3) Edge cases applied: If the “low-carbon” substitute is natural gas, benefits depend on displacement efficiency and methane leakage; the intent and main pathway still targets lower GHG intensity versus coal, so it remains Mitigation (with potentially smaller or uncertain net reductions). Biomass co-firing can be mitigation only under certain feedstock/accounting assumptions, but the mechanism as stated is still grid decarbonization.  
4) Confirm primary applies to ALL instances: Any policy that phases out coal and switches to lower-carbon generation is fundamentally designed to reduce GHG emissions from energy supply; thus Mitigation is consistently dominant for this mechanism.  
5) Secondary subtype deferred: Specific subtypes (e.g., renewables buildout vs. gas switching vs. nuclear expansion, and accompanying grid measures) require policy-level details and are not assigned here.",0.9,"Potential ambiguity in what qualifies as “low-carbon fuels” (e.g., unabated gas, biomass with uncertain carbon accounting, hydrogen from fossil sources); net mitigation magnitude can vary, but the dominant intended pathway remains emissions reduction via lower grid carbon intensity.",target-setting,direct,direct,"""Phasing out coal""; ""switching to low carbon fuels""","Reduced local air pollution (SO₂, NOₓ, PM) and associated health benefits","Instrument not explicitly named; could be implemented via regulatory mandates, performance standards, or pricing, but the text itself reads as a high-level phase-out/fuel-switch target rather than a specified mechanism.",[],True,matched token: 'carbon',True,no typology code,Objective (1.a): Energy transition by increasing the share of all renewable and alternative energy sources in the energy mix.,,,,,
0,parent_with_subs,sub,energy_supply,Objective (1.a): Energy transition by increasing the share of all renewable and alternative energy sources in the energy mix,Stimulate increased production and use of biofuels as an alternative to fossil fuels.,Objective (1.a): Energy transition by increasing the share of all renewable and alternative energy sources in the energy mix.,standalone parent policy,-  Stimulating the increased production and use of biofuels as an alternative to fossil fuels,Specific intervention to expand biofuels.,Egypt,No vulnerability context provided,Egypt::c31eec446df46778d42a4220,Egypt::c31eec446df46778d42a4220,False,False,biofuel_production_and_use_expansion → fossil_fuel_displacement,"The policy stimulates greater biofuel production and use so biofuels substitute for fossil fuels, lowering emissions from fossil energy consumption.",None,0.0,None,None,"evidence quote missing one of: [hazard, exposure, vulnerab, resilien, ...]; evidence quote missing secondary subtype token: [hazard, exposure, vulnerab, resilien, ...]",guide_secondary_typology_v1,policy_text_evidence_gated,explicit_self,no,Mitigation,Fuel switching (fossil → biofuel) → ↓ lifecycle net GHG emissions → ↓ atmospheric forcing,"(1) Changed activity/system: Energy supply and end-use fuel mix shifts toward greater biofuel production, distribution, and consumption (often in transport fuels), reducing demand for gasoline/diesel or other fossil fuels. (2) Mediating process: Combustion emissions are partially offset by biogenic carbon uptake during biomass growth and/or by using waste-derived/advanced feedstocks; overall lifecycle emissions per unit energy can be lower than fossil fuels depending on feedstock, processing energy, and land-use effects. (3) Climate-relevant outcome: Net reduction in GHG emissions (CO₂e) from fuel combustion and upstream fuel-cycle emissions due to fossil fuel displacement.","The single biggest climate-relevant effect is displacement of fossil fuel use with lower-net-GHG biofuels, reducing net greenhouse gas emissions.","1) Dominant causal pathway: The mechanism’s core logic is fuel switching that reduces net lifecycle GHG emissions by displacing fossil fuels.  
2) Why this primary over alternatives: While biofuels can sometimes be framed as “resource efficiency” (use of wastes) or “nature-based” (biomass growth), the dominant intended climate effect across policies using this mechanism is direct mitigation via lower net emissions from the energy system.  
3) Edge cases applied: Some biofuel pathways can increase emissions (e.g., high ILUC, deforestation, peat impacts, high-fossil process energy) or shift benefits toward waste management; those are implementation/quality contingencies and do not change the primary mechanism category, but they affect real-world efficacy.  
4) Confirm primary applies to ALL instances sharing this mechanism: Any policy whose mechanism is explicitly “biofuel expansion to displace fossil fuels” is fundamentally aimed at reducing GHG emissions from energy consumption, i.e., mitigation.  
5) Secondary subtype assignment deferred: Any further refinement (e.g., “transport decarbonization,” “advanced waste-based biofuels,” “LCFS”) depends on policy-specific evidence and is deferred to policy-level coding.",0.86,"Lifecycle outcomes depend strongly on feedstock and land-use change; if biofuel expansion causes deforestation/peat conversion or major indirect land-use change, net emissions can rise despite fossil displacement. Sustainability criteria and carbon-intensity standards are often needed to ensure mitigation benefits.",incentive-program,enabling,direct,“Stimulating”; “increased production and use of biofuels”; “alternative to fossil fuels”,Energy security; rural/agricultural income; air quality improvements (potentially),"The instrument is not explicitly specified (could also be implemented via blending mandates, standards, procurement, or infrastructure investment), but “stimulating” most strongly signals incentives/support rather than regulation or target-setting.",[],True,matched token: 'fossil',True,no typology code,Objective (1.a): Energy transition by increasing the share of all renewable and alternative energy sources in the energy mix.,,,,,
0,parent_with_subs,sub,governance,Objective (1.a): Energy transition by increasing the share of all renewable and alternative energy sources in the energy mix,Pursue an equitable transition that accounts for the workforce in fossil fuel-based facilities.,Objective (1.a): Energy transition by increasing the share of all renewable and alternative energy sources in the energy mix.,standalone parent policy,-  Equitable transformation that takes into account the workforce in fossil fuel-based facilities,Explicit equity/just-transition direction linked to energy transition.,Egypt,No vulnerability context provided,Egypt::22a250fa1fcf1901084dde7e,Egypt::22a250fa1fcf1901084dde7e,False,False,just_transition_workforce_support → institutional_decarbonization_enabling,"Pursues an equitable transition by taking into account workers in fossil fuel-based facilities, helping enable a shift away from fossil-based operations.",None,0.0,None,None,,guide_secondary_typology_v1,policy_text_evidence_gated,explicit_parent,no,Mitigation,Just transition measures → ↑ feasibility/pace of fossil fuel phase-down → ↓ fossil energy production/combustion → ↓ GHG emissions → ↓ atmospheric forcing,"(1) Human activity/system changed: labor and institutional conditions around fossil-fuel facilities (jobs, skills, income security, retraining, placement, social dialogue) to reduce resistance and disruption associated with decarbonization. (2) Mediating process: improved political economy and implementation capacity (reduced opposition/strikes, smoother closures/retrofits, higher acceptance of regulatory changes and investment shifts) that accelerates substitution of fossil-based operations with low-carbon alternatives. (3) Climate-relevant outcome: earlier and/or greater reductions in CO₂ and other GHG emissions from fossil-fuel extraction, processing, and combustion due to more successful decarbonization policies and investments.","Workforce transition support most strongly contributes to climate outcomes by enabling faster and more durable phase-down of fossil-fuel operations, thereby reducing GHG emissions.","1) Dominant causal pathway: the mechanism’s main climate effect is enabling/accelerating the shift away from fossil-based operations, leading to lower GHG emissions (mitigation). 2) Why this primary over alternatives: although it advances equity and governance, those are enabling means; the largest climate-relevant effect is the resulting emissions reduction, not resource efficiency gains, hazard adaptation, or ecosystem carbon sequestration. 3) Edge cases applied: if workforce support were implemented without any associated fossil phase-down (pure social protection), direct climate impact would be weak; however the canonical mechanism explicitly links support to enabling decarbonization, keeping mitigation dominant. 4) Applies to ALL instances: any policy that fits “just transition workforce support → enabling institutional decarbonization” has its main climate relevance through enabling emissions reductions from fossil phase-down, so Mitigation is consistent across instances. 5) Secondary subtype assignment is deferred: specific subtypes (e.g., governance/enabling, social policy, labor-market instrument) require policy-level evidence and are not assigned here.",0.78,"Could be misinterpreted as primarily social/equity policy if decarbonization linkage is absent or purely aspirational; classification assumes the workforce measures are materially tied to fossil phase-down/transition implementation, making mitigation the dominant climate pathway.",planning-strategy,enabling,indirect,“equitable transition”; “takes into account the workforce”; “fossil fuel-based facilities”,Employment stability; reduced inequality; improved labor outcomes and regional economic resilience,"Instrument is not specified (could be an incentive-program via retraining funds or a regulatory-mandate for transition plans), but the text reads as a general commitment/approach rather than a concrete funding or regulatory requirement, so classified as planning-strategy.",[],True,matched token: 'carbon',True,no typology code,Objective (1.a): Energy transition by increasing the share of all renewable and alternative energy sources in the energy mix.,,,,,
5,parent_with_subs,parent,governance,3.2 Goal 2: Enhancing Adaptive Capacity and Resilience to Climate Change and Alleviating the Associated Negative Impacts,Objective (2.e): Implementation of disaster risk reduction concepts.,,standalone parent policy,"Objective (2.e): Implementation of disaster risk reduction concepts

The following directions contribute to achieving this objective:","Objective includes a list of concrete DRR measures (early warning, monitoring, awareness, social protection).",Egypt,No vulnerability context provided,Egypt::bde814f340e55c27f3190b3d,Egypt::bde814f340e55c27f3190b3d,False,False,disaster_risk_reduction_implementation → reduced_climate_disaster_impacts,"Implementing disaster risk reduction concepts helps reduce the impacts of climate-related hazards by improving preparedness, risk management, and resilience planning.",None,0.0,None,None,,guide_secondary_typology_v1,policy_text_evidence_gated,explicit_self,no,Adaptation,Climate hazard → preparedness/risk management → ↓ exposure & vulnerability → ↓ disaster impacts,"(1) Changed system: Public governance and emergency-management practices (risk assessment, early warning, contingency planning, coordination, evacuation planning, resilient service continuity). (2) Mediating process: Better anticipation and management of extreme events reduces people/assets in harm’s way and improves coping capacity before/during/after events. (3) Climate-relevant outcome: Reduced impacts of climate-related disasters (fewer casualties, lower economic losses, faster recovery, less disruption of critical infrastructure/services).","The single biggest climate-relevant effect is reducing loss of life, damages, and service disruption from climate hazards by improving preparedness and risk management.","1) Dominant causal pathway: Climate hazards are inevitable; DRR implementation mainly reduces exposure and vulnerability, thereby reducing disaster impacts.  
2) Why this primary over alternatives: While DRR can have co-benefits (e.g., protecting resources or avoiding emissions from disasters), the core intended and largest effect is impact reduction, which is Adaptation.  
3) Edge cases applied: Some DRR actions (e.g., ecosystem-based buffers, green infrastructure) could overlap with Nature-Based Solutions, and some resilient-rebuild standards may affect energy use (Resource Efficiency/Mitigation); however, the canonical mechanism here is generic DRR implementation focused on preparedness/risk management, which remains Adaptation.  
4) Applies to ALL instances: Any policy implementing DRR concepts—regardless of location—targets reduced climate-disaster impacts via improved risk governance and preparedness, fitting Adaptation as the primary category.  
5) Secondary subtype assignment deferred: Specific subtypes (e.g., early warning vs. land-use controls vs. ecosystem-based DRR) require policy-level evidence and are not assigned at the mechanism level.",0.9,"If “DRR implementation” is operationalized through ecosystem restoration (mangroves, wetlands) or emissions-reducing reconstruction standards, those specific policies may warrant secondary tags (NBS or Mitigation/Resource Efficiency), but the dominant mechanism remains adaptation via reduced vulnerability and exposure.",planning-strategy,enabling,direct,"""Objective (2.e): Implementation of disaster risk reduction concepts""",None,"Instrument is underspecified (objective-only). If subsequent “directions” include specific actions (e.g., early warning installation, mandatory risk assessments, dedicated DRR funding), the instrument type could shift to infrastructure-investment, regulatory-mandate, or incentive-program.",[],True,rescued_by_f1_5,True,no typology code,,keep,"Climate screen is `explicit_self`, which overrides the gate failure. The policy_statement/verbatim_text explicitly states: ""Implementation of disaster risk reduction concepts."" Disaster risk reduction implementation is a recognized Adaptation approach because it reduces impacts from hazards/disasters, consistent with the canonical mechanism `disaster_risk_reduction_implementation → reduced_climate_disaster_impacts`. Lack of an explicit adaptation outcome token is not sufficient to drop or reclassify given the explicit DRR objective.",0.81,True,False
5,parent_with_subs,sub,governance,Objective (2.e): Implementation of disaster risk reduction concepts,"Establish early warning systems for all sectors by developing a unified database, activating climate change information centers in ministries, and issuing sector-specific recommendations (e.g., for farmers).",Objective (2.e): Implementation of disaster risk reduction concepts.,standalone parent policy,-  Establishing early warning systems for all sectors by developing a unified database. The database can be established by activating the role of climate change information centers  affiliated  with  various  ministries.  These  centers  have  information  and maps related to climate change and its impacts on the sector.,Specific DRR system-building action with institutional mechanism described.,Egypt,No vulnerability context provided,Egypt::df69557d06d41c1a91b1e73a,Egypt::df69557d06d41c1a91b1e73a,False,False,early_warning_system_and_unified_climate_database → adaptation_planning_support,Developing a unified climate-impact database and activating climate change information centers strengthens early warning systems and improves decision-making for climate risk preparedness across sectors.,None,0.0,None,None,"evidence quote missing one of: [efficien, kwh, kw·h, per capita, ...]; evidence quote missing secondary subtype token: [efficien, kwh, kw·h, per capita, ...]",guide_secondary_typology_v1,policy_text_evidence_gated,explicit_self,no,Adaptation,Climate hazard information/forecasting → earlier action & better preparedness → ↓ exposure/vulnerability → ↓ climate impacts,"(1) Changes the governance/information system by integrating climate-impact data across agencies, creating/activating climate information centers, and operationalizing early warning dissemination and sector guidance. (2) Improved data quality, monitoring, forecasting, and risk communication enables earlier and better-targeted protective actions (e.g., farm advisories, contingency planning, emergency measures). (3) The climate-relevant outcome is reduced sensitivity and exposure to climate extremes (heat, floods, droughts, storms), lowering damages to people, assets, and services.",The single biggest climate-relevant effect is reduced loss and damage by improving anticipation and response to climate hazards through better early warning and preparedness decisions.,"1) Dominant causal pathway: climate-risk information and early warning enable anticipatory action, which reduces exposure/vulnerability to hazards.  
2) This is Adaptation rather than Mitigation/Resource Efficiency/Nature-Based Solutions because it does not primarily change emissions or energy/material intensity, nor rely on ecosystem enhancement; its core function is preparedness and impact reduction.  
3) Edge cases: if the database is used mainly for emissions inventories/MRV, it could shift toward Mitigation governance; if mainly for efficiency benchmarking, toward Resource Efficiency—but the stated mechanism is early warning and preparedness across sectors.  
4) The primary category applies to all policies sharing this mechanism because “early warning system + unified climate-impact database” consistently acts through improved risk anticipation/decision support to reduce climate impacts.  
5) Secondary subtype assignment (e.g., disaster risk reduction, drought/heat early warning, institutional capacity) is deferred to policy-level evidence.",0.9,Could be misclassified if the “unified database” is primarily an emissions/energy data platform (mitigation MRV) rather than a climate impact/hazard early warning and preparedness system; confirm database content and intended use.,planning-strategy,enabling,direct,"""Establishing early warning systems""; ""developing a unified database""; ""activating the role of climate change information centers""; ""information and maps related to climate change and its impacts on the sector""",Improved general disaster risk management and public-sector data coordination (non-climate-specific),"Could also be interpreted as an infrastructure-investment (IT/database build-out), but the text emphasizes system establishment/activation and coordination rather than a specific capital project or procurement.",[],True,matched token: 'adapt',True,no typology code,Objective (2.e): Implementation of disaster risk reduction concepts.,,,,,
5,parent_with_subs,sub,cross_sector,3.2.2 Enabling Policies and Tools,Activate and use interactive maps to study expected climate impacts on regions/projects and update interactive maps every five years as part of adaptation measures.,Objective (2.e): Implementation of disaster risk reduction concepts.,standalone parent policy,"-  Activating the project of creating and using interactive maps to study the expected impacts of climate change on regions and new projects and hence various sectors and updating interactive maps every five years as part of climate change adaptation measures, according to new data and methodologies",Contains a clear action and update frequency (every five years).,Egypt,No vulnerability context provided,Egypt::1419b21e661c0559d3fdd3b3,Egypt::1419b21e661c0559d3fdd3b3,False,False,environmental_monitoring_system → adaptation_planning_support,"The policy activates the creation, use, and periodic updating of interactive maps to assess expected climate change impacts using new data and methods, supporting adaptation planning across regions, projects, and sectors.",None,0.0,None,None,evidence_quote not substring-grounded in source,guide_secondary_typology_v1,policy_text_evidence_gated,explicit_self,no,Adaptation,Monitoring & analytics capacity → better risk information & decision-making → improved planning/early action → ↓ climate vulnerability (↓ exposure/sensitivity),"(1) Change in human activity/system: The city upgrades internal monitoring systems, datasets, methodologies (e.g., inventories, models, surveys), and digital tools, and builds staff/process capacity to use them in ongoing planning.  
(2) Mediating process: Improved measurement, tracking, and analysis of climate hazards, vulnerabilities, and performance indicators reduces uncertainty and supports timely identification of risks and evaluation of options.  
(3) Climate-relevant outcome: More effective and targeted adaptation plans and interventions are selected and implemented, leading to reduced vulnerability and improved preparedness for climate impacts.",The single biggest climate-relevant effect is improved climate risk management by generating better information and tools that enable more effective adaptation planning and response.,"1) Dominant causal pathway: The mechanism’s direct effect is informational/institutional—better monitoring and analytics that most strongly improve climate risk identification and adaptive decision-making, leading to reduced vulnerability.  
2) Why this primary over alternatives: While similar systems can also support mitigation tracking (e.g., emissions inventories) and resource efficiency management, the mechanism as stated (“adaptation planning support” and internal climate planning tools) most directly maps to adaptive capacity and vulnerability reduction rather than immediate emissions reduction or efficiency gains.  
3) Edge cases applied: If the monitoring system is explicitly centered on GHG accounting/MRV for emissions caps, it could be mitigation-dominant; if centered on energy/water efficiency KPI management, it could be resource-efficiency-dominant. Here, the canonical mechanism explicitly frames adaptation planning support, so Adaptation is selected.  
4) Confirm primary applies to ALL instances sharing this mechanism: Any policy whose core is improving environmental/climate monitoring and methods to support adaptation planning primarily functions by increasing adaptive capacity and improving vulnerability-reducing decisions, even if it has co-benefits for mitigation tracking.  
5) Secondary subtype assignment deferred: Whether a specific policy primarily supports hazards/early warning, infrastructure resilience planning, or mitigation MRV is policy-evidence-specific and should be assigned at the individual policy level, not at the mechanism level.",0.74,"Some representative examples (e.g., detailed building modeling to support emissions reduction) could be mitigation-enabling rather than adaptation-enabling; classification here follows the canonical mechanism framing (adaptation planning support) and treats mitigation support as a potential co-benefit/secondary pathway.",planning-strategy,enabling,direct,"""creating and using interactive maps""; ""study the expected impacts of climate change""; ""updating interactive maps every five years""; ""as part of climate change adaptation measures""; ""according to new data and methodologies""",Improved general spatial planning and project appraisal beyond climate (better siting/land-use decisions); potential disaster risk management and public transparency benefits (not explicitly stated).,"Could be interpreted as an information/decision-support platform (information-disclosure) if the maps are intended for public release; the text does not specify disclosure, so classified as a planning-strategy.",[],True,matched token: 'adapt',True,no typology code,Objective (2.e): Implementation of disaster risk reduction concepts.,,,,,
5,parent_with_subs,sub,governance,3.2.2 Enabling Policies and Tools,Ministry of Health and Population to study expected health impacts of climate change and develop and adopt a plan to address these impacts effectively.,Objective (2.e): Implementation of disaster risk reduction concepts.,standalone parent policy,"-  The Ministry of Health and Population will study the expected health impacts as a result of climate change, and then develop and adopt a plan to address these impacts  effectively.",Assigns responsibility to a ministry to produce and adopt a plan.,Egypt,No vulnerability context provided,Egypt::35ca05ac67f0159c7b3117eb,Egypt::35ca05ac67f0159c7b3117eb,False,False,adaptation_planning_framework → institutional_adaptive_capacity,"The ministry will study expected climate-change health impacts and then develop and adopt a plan to address those impacts, strengthening capacity to manage climate-related health risks.",None,0.0,None,None,"evidence quote missing one of: [hazard, exposure, vulnerab, resilien, ...]; evidence quote missing secondary subtype token: [ecosystem, habitat, tree, trees, ...]",guide_secondary_typology_v1,policy_text_evidence_gated,explicit_self,no,Adaptation,Climate hazard → preparedness/planning capacity → ↓ exposure & ↓ vulnerability → ↓ climate impacts,"(1) Change in human/system activity: Cities implement structured climate preparedness and resilience planning (risk/vulnerability assessments, emergency management optimization, cross-agency coordination, and readiness protocols).  
(2) Mediating physical/social process: Better information, governance, and operational readiness enables earlier warnings, faster response, targeted protection of vulnerable groups, and continuity of critical services during extreme events.  
(3) Climate-relevant outcome: Reduced morbidity/mortality and reduced disruption/damages from extreme weather and other climate stressors; increased institutional adaptive capacity over time.","The single biggest climate-relevant effect is reduced impacts (health, safety, service disruption, damages) from climate hazards through improved preparedness, coordination, and response capacity.","1) Dominant causal pathway: climate hazards are anticipated and managed via planning/readiness, which reduces exposure and vulnerability and therefore reduces adverse impacts—an adaptation pathway.  
2) Why this primary over alternatives: while planning can incidentally influence mitigation (e.g., integrating emissions considerations), the core mechanism described and shared across examples is preparedness and resilience capacity, not GHG reduction (Mitigation), efficiency (Resource Efficiency), or ecosystem-mediated benefits (Nature-Based Solutions).  
3) Edge cases applied: some “resilience planning” documents may include mitigation measures, but that would be a different mechanism; this canonical mechanism is specifically institutional adaptive capacity and readiness for extremes/health impacts.  
4) Applicability to ALL instances: any policy that fits “adaptation planning framework → institutional adaptive capacity” primarily functions by improving governance/readiness to reduce climate impacts, so Adaptation remains the correct primary category across contexts.  
5) Secondary subtype assignment is deferred: details like whether it is heat-health focused, flood emergency management, or broader resilience governance require policy-specific evidence and are not assigned at the mechanism level.",0.9,"Plans labeled “climate preparedness” may bundle mitigation actions (e.g., decarbonization roadmaps); if the dominant implemented content is emissions reduction rather than hazard-impact reduction, that would warrant a different mechanism/category. Here, the stated chain is clearly preparedness/readiness and health risk reduction from extremes.",planning-strategy,enabling,direct,"""study the expected health impacts as a result of climate change""; ""develop and adopt a plan""; ""address these impacts effectively""; ""Ministry of Health and Population""","Potential broader public health system strengthening and improved routine health planning (non-climate), but not specified beyond climate impacts.","“Adopt a plan” could later translate into regulatory or investment measures, but the text itself is limited to assessment + planning (no mandated standards, budgets, or implementation instruments stated).",[],True,matched token: 'adapt',True,no typology code,Objective (2.e): Implementation of disaster risk reduction concepts.,,,,,
5,parent_with_subs,sub,governance,3.2.2 Enabling Policies and Tools,Use climate risk insurance as a financial mechanism to increase societies’ ability to overcome climate risks.,Objective (2.e): Implementation of disaster risk reduction concepts.,standalone parent policy,-  Using  the  climate  risk  insurance  tool  as  one  of  the  financial  mechanisms  that increase  the  ability  of  societies  to  overcome  the  risks  of  climate  change.,Specific financial instrument proposed for adaptation resilience.,Egypt,No vulnerability context provided,Egypt::99057ea7d75c1ebb8b6933a7,Egypt::99057ea7d75c1ebb8b6933a7,False,False,climate_risk_insurance → climate_financial_resilience,Using climate risk insurance as a financial mechanism increases societies’ ability to overcome climate change risks by providing financial protection and supporting recovery after climate impacts.,None,0.0,None,None,,guide_secondary_typology_v1,policy_text_evidence_gated,explicit_self,no,Adaptation,Climate hazard → financial loss buffering (risk transfer) → ↓ vulnerability / ↑ recovery capacity,"(1) Change in human/system activity: Governments, communities, or private actors purchase or provide climate risk insurance/sovereign risk pools and establish payout mechanisms for climate-related losses. (2) Mediating process: Risk transfer and pre-arranged financing provide rapid liquidity after shocks (and sometimes incentivize risk reduction via premiums/conditions), stabilizing incomes and enabling timely repair/reconstruction. (3) Climate-relevant outcome: Reduced socioeconomic vulnerability to climate extremes and faster recovery/continuity of services after climate impacts.",The single biggest climate-relevant effect is improved ability to absorb and recover from climate hazard impacts by transferring/financing residual climate risk (reduced vulnerability and faster recovery).,"1) Dominant causal pathway: Climate hazards cause losses; insurance provides financial protection and rapid payouts, which reduces vulnerability and improves recovery capacity—an adaptation pathway. 2) Why Adaptation over alternatives: The core effect is managing residual risk and enhancing resilience, not directly reducing energy/material inputs (Resource Efficiency), cutting emissions (Mitigation), or enhancing ecosystems (Nature-Based Solutions). 3) Edge cases applied: Insurance can indirectly encourage mitigation/adaptation actions via pricing or conditionality, but those are secondary and not the dominant effect of the mechanism itself. 4) Applies to ALL instances: Any policy whose mechanism is “climate risk insurance → financial resilience” chiefly transfers/finances climate risk to reduce vulnerability and speed recovery, which is adaptation regardless of context (household, agricultural, infrastructure, or sovereign). 5) Secondary subtype deferred: Any further tagging (e.g., disaster risk financing, social protection, agricultural resilience) depends on policy-specific design details and is deferred to policy-level evidence.",0.9,"If an insurance program is explicitly designed primarily to change behavior through premium signals/mandates that directly reduce emissions (rare) or is bundled with substantial physical risk-reduction investments, the overall policy package could have mixed impacts; however, the canonical mechanism stated remains primarily adaptation via financial resilience.",incentive-program,direct,direct,“climate risk insurance tool”; “financial mechanisms”; “increase the ability of societies to overcome the risks of climate change”,None,"Could also be framed as a “pricing-mechanism” if the policy centered on risk-based premiums/price signals; however, the text emphasizes insurance as a financing mechanism for resilience (risk transfer) rather than pricing design or a regulatory requirement.",[],True,matched token: 'resilien',True,no typology code,Objective (2.e): Implementation of disaster risk reduction concepts.,,,,,
5,parent_with_subs,sub,governance,3.2.2 Enabling Policies and Tools,Establish a coordination mechanism with civil society to implement pilot projects and coordinate among NGOs to disseminate applied models.,Objective (2.e): Implementation of disaster risk reduction concepts.,standalone parent policy,"-  Establishing  a  mechanism  for  coordination  with  civil  society  to  implement  pilot projects, and coordination between NGOs to benefit from experiences and applied models for dissemination in society",Concrete governance mechanism proposal involving civil society.,Egypt,No vulnerability context provided,Egypt::fdaffc32eccf3d28c90205a4,Egypt::fdaffc32eccf3d28c90205a4,False,False,civil_society_coordination_mechanism → institutional_implementation_capacity,"Establishes a coordination mechanism with civil society and NGOs to run pilot projects and disseminate applied models, strengthening institutional capacity to implement climate-related actions.",None,0.0,None,None,"evidence quote missing one of: [hazard, exposure, vulnerab, resilien, ...]; evidence quote missing secondary subtype token: [ecosystem, habitat, tree, trees, ...]",guide_secondary_typology_v1,policy_text_evidence_gated,explicit_parent,no,Adaptation,Governance capacity-building → ↑ institutional coordination/implementation capacity → ↑ delivery of climate actions (esp. resilience measures),"1) Change in human activity/system: Government creates formal coordination mechanisms with civil society/NGOs (working groups, partnerships, pilot programs, knowledge-sharing channels) to jointly design, test, and scale climate-related interventions.  
2) Mediating process: Improved institutional processes—information flow, stakeholder alignment, project pipeline development, learning-by-doing from pilots, dissemination of operational models, and administrative capacity—reduces transaction costs and implementation barriers.  
3) Climate-relevant outcome: Greater and more reliable implementation of climate policies and projects (often adaptation/resilience measures), leading indirectly to reduced climate risk and/or facilitated emissions reductions depending on the downstream actions.",The single biggest climate-relevant effect is improved institutional capacity and coordination that enables faster and broader implementation of climate actions (most directly supporting climate resilience planning and delivery).,"1) Dominant causal pathway: The mechanism’s direct effect is governance/implementation capacity (coordination + pilots + dissemination), not a physical change in emissions, energy/material intensity, ecosystems, or hazard exposure.  
2) Why this primary over alternatives:  
   - Not Mitigation: no inherent/direct emissions-reducing action specified; any mitigation occurs only if subsequent implemented projects reduce GHGs.  
   - Not Resource Efficiency: does not directly reduce energy/material inputs for a given service.  
   - Not Nature-Based Solutions: does not directly protect/restore ecosystems.  
   - Fits Adaptation best as capacity-building/enabling conditions for climate action delivery, commonly central to resilience planning and implementation.  
3) Edge cases applied: If the coordination mechanism is explicitly established to implement a specific emissions-cutting program (e.g., renewables rollout) the downstream impact could be mitigation, but the canonical mechanism here is explicitly “coordination → implementation capacity,” which remains enabling rather than inherently emissions- or resource-focused.  
4) Confirm applies to ALL instances: Any policy with this mechanism (civil society coordination to run pilots and disseminate models to strengthen institutions) primarily affects institutional capacity; downstream climate benefits vary by what actions are enabled, but the dominant direct pathway remains capacity-building.  
5) Secondary subtype deferred: Whether a specific policy instance should be tagged as enabling mitigation vs enabling adaptation (secondary) depends on the concrete pilots/actions being implemented and is deferred to policy-level evidence.",0.68,"Could be alternatively treated as cross-cutting “enabling governance” that supports both mitigation and adaptation; classification here prioritizes the most common climate-relevant interpretation of institutional capacity-building as adaptation/resilience enabling. If downstream pilots are predominantly mitigation (e.g., energy efficiency/renewables), a policy-level secondary tag may be warranted.",planning-strategy,enabling,indirect,"""mechanism for coordination with civil society""; ""implement pilot projects""; ""coordination between NGOs""; ""benefit from experiences and applied models""; ""dissemination in society""",Improved governance and service delivery; strengthened civil society participation and social cohesion; faster diffusion of best practices beyond climate (None rise to a clear separate climate category based on the text),"Could also be interpreted as an information/knowledge-sharing instrument (information-disclosure) or an incentive/pilot-grant program (incentive-program) if the full policy specifies funding or formal reporting requirements; based on provided text, it is best classified as a planning/coordination strategy.",[],True,rescued_by_f1_5,True,no typology code,Objective (2.e): Implementation of disaster risk reduction concepts.,keep,"Keep because climate_screen=explicit_parent ties the action to an adaptation-relevant parent objective: ""Implementation of disaster risk reduction concepts."" The sub-statement is an institutional/enabling measure that supports implementation (""mechanism for coordination with civil society to implement pilot projects"" and ""coordination between NGOs... for dissemination""), which fits Adaptation capacity-building under DRR even without explicit outcome tokens.",0.74,True,False
6,parent_with_subs,parent,governance,3.3 Goal 3: Enhancing Climate Change Action Governance,"Objective (3.d): Enhancing institutional, procedural and legal arrangements such as the Monitoring, Reporting and Verification (MRV) system.",,standalone parent policy,"Objective  (3.d):  Enhancing  institutional,  procedural  and  legal  arrangements  such  as Monitoring,  Reporting  and  Verification  (MRV)  system

The following directions contribute to achieving this objective:","Objective is explicitly about MRV and is followed by specific actions (operationalize MRV, update CAPMAS data, create institutions).",Egypt,No vulnerability context provided,Egypt::f9eb7da054b55e87e676862b,Egypt::f9eb7da054b55e87e676862b,False,False,environmental_monitoring_system → adaptation_planning_support,"Enhancing institutional, procedural, and legal arrangements for an MRV system improves emissions monitoring and reporting capacity, supporting better-informed climate planning and oversight.",None,0.0,None,None,,guide_secondary_typology_v1,policy_text_evidence_gated,explicit_self,no,Adaptation,Monitoring & analytics capacity → better risk information & decision-making → improved planning/early action → ↓ climate vulnerability (↓ exposure/sensitivity),"(1) Change in human activity/system: The city upgrades internal monitoring systems, datasets, methodologies (e.g., inventories, models, surveys), and digital tools, and builds staff/process capacity to use them in ongoing planning.  
(2) Mediating process: Improved measurement, tracking, and analysis of climate hazards, vulnerabilities, and performance indicators reduces uncertainty and supports timely identification of risks and evaluation of options.  
(3) Climate-relevant outcome: More effective and targeted adaptation plans and interventions are selected and implemented, leading to reduced vulnerability and improved preparedness for climate impacts.",The single biggest climate-relevant effect is improved climate risk management by generating better information and tools that enable more effective adaptation planning and response.,"1) Dominant causal pathway: The mechanism’s direct effect is informational/institutional—better monitoring and analytics that most strongly improve climate risk identification and adaptive decision-making, leading to reduced vulnerability.  
2) Why this primary over alternatives: While similar systems can also support mitigation tracking (e.g., emissions inventories) and resource efficiency management, the mechanism as stated (“adaptation planning support” and internal climate planning tools) most directly maps to adaptive capacity and vulnerability reduction rather than immediate emissions reduction or efficiency gains.  
3) Edge cases applied: If the monitoring system is explicitly centered on GHG accounting/MRV for emissions caps, it could be mitigation-dominant; if centered on energy/water efficiency KPI management, it could be resource-efficiency-dominant. Here, the canonical mechanism explicitly frames adaptation planning support, so Adaptation is selected.  
4) Confirm primary applies to ALL instances sharing this mechanism: Any policy whose core is improving environmental/climate monitoring and methods to support adaptation planning primarily functions by increasing adaptive capacity and improving vulnerability-reducing decisions, even if it has co-benefits for mitigation tracking.  
5) Secondary subtype assignment deferred: Whether a specific policy primarily supports hazards/early warning, infrastructure resilience planning, or mitigation MRV is policy-evidence-specific and should be assigned at the individual policy level, not at the mechanism level.",0.74,"Some representative examples (e.g., detailed building modeling to support emissions reduction) could be mitigation-enabling rather than adaptation-enabling; classification here follows the canonical mechanism framing (adaptation planning support) and treats mitigation support as a potential co-benefit/secondary pathway.",information-disclosure,enabling,indirect,"“Enhancing institutional, procedural and legal arrangements”; “Monitoring, Reporting and Verification (MRV) system”",None,"MRV can sometimes be framed as a regulatory/mandated reporting requirement; however, the excerpt is stated as an objective to enhance arrangements (not a specific legally binding requirement or standard), so it is treated as an enabling information/monitoring instrument.",[],True,matched token: 'adapt',True,no typology code,,,,,,
6,parent_with_subs,sub,governance,"Objective (3.d): Enhancing institutional, procedural and legal arrangements such as Monitoring, Reporting and Verification (MRV) system",Operationalize the climate change MRV system approved by the NCCC and included in Egypt’s 2018 updated biennial report.,"Objective (3.d): Enhancing institutional, procedural and legal arrangements such as the Monitoring, Reporting and Verification (MRV) system.",standalone parent policy,"-  Operationalizing the climate change MRV system, which was approved by the NCCC and included in the updated biennial report for Egypt (2018)",Clear action to operationalize an approved system.,Egypt,No vulnerability context provided,Egypt::82ec2c90ef8665b0a6edb103,Egypt::82ec2c90ef8665b0a6edb103,False,False,environmental_monitoring_system → adaptation_planning_support,"Operationalizing a climate change MRV system improves emissions and climate-data measurement and reporting, which supports better planning and implementation of climate actions.",None,0.0,None,None,"evidence quote missing one of: [hazard, exposure, vulnerab, resilien, ...]; evidence quote missing secondary subtype token: [ecosystem, habitat, tree, trees, ...]",guide_secondary_typology_v1,policy_text_evidence_gated,explicit_self,no,Adaptation,Monitoring & analytics capacity → better risk information & decision-making → improved planning/early action → ↓ climate vulnerability (↓ exposure/sensitivity),"(1) Change in human activity/system: The city upgrades internal monitoring systems, datasets, methodologies (e.g., inventories, models, surveys), and digital tools, and builds staff/process capacity to use them in ongoing planning.  
(2) Mediating process: Improved measurement, tracking, and analysis of climate hazards, vulnerabilities, and performance indicators reduces uncertainty and supports timely identification of risks and evaluation of options.  
(3) Climate-relevant outcome: More effective and targeted adaptation plans and interventions are selected and implemented, leading to reduced vulnerability and improved preparedness for climate impacts.",The single biggest climate-relevant effect is improved climate risk management by generating better information and tools that enable more effective adaptation planning and response.,"1) Dominant causal pathway: The mechanism’s direct effect is informational/institutional—better monitoring and analytics that most strongly improve climate risk identification and adaptive decision-making, leading to reduced vulnerability.  
2) Why this primary over alternatives: While similar systems can also support mitigation tracking (e.g., emissions inventories) and resource efficiency management, the mechanism as stated (“adaptation planning support” and internal climate planning tools) most directly maps to adaptive capacity and vulnerability reduction rather than immediate emissions reduction or efficiency gains.  
3) Edge cases applied: If the monitoring system is explicitly centered on GHG accounting/MRV for emissions caps, it could be mitigation-dominant; if centered on energy/water efficiency KPI management, it could be resource-efficiency-dominant. Here, the canonical mechanism explicitly frames adaptation planning support, so Adaptation is selected.  
4) Confirm primary applies to ALL instances sharing this mechanism: Any policy whose core is improving environmental/climate monitoring and methods to support adaptation planning primarily functions by increasing adaptive capacity and improving vulnerability-reducing decisions, even if it has co-benefits for mitigation tracking.  
5) Secondary subtype assignment deferred: Whether a specific policy primarily supports hazards/early warning, infrastructure resilience planning, or mitigation MRV is policy-evidence-specific and should be assigned at the individual policy level, not at the mechanism level.",0.74,"Some representative examples (e.g., detailed building modeling to support emissions reduction) could be mitigation-enabling rather than adaptation-enabling; classification here follows the canonical mechanism framing (adaptation planning support) and treats mitigation support as a potential co-benefit/secondary pathway.",planning-strategy,enabling,indirect,“Operationalizing the climate change MRV system”; “approved by the NCCC”; “included in the updated biennial report for Egypt (2018)”,Improved general environmental governance and transparency; better data for mitigation tracking (GHG inventories) alongside adaptation MRV.,"MRV is often associated with mitigation reporting; the statement does not specify whether the MRV system covers adaptation indicators as well. Classified under adaptation per the provided primary assignment, but it could be cross-cutting (mitigation + adaptation) depending on MRV scope.",[],True,matched token: 'adapt',True,no typology code,"Objective (3.d): Enhancing institutional, procedural and legal arrangements such as the Monitoring, Reporting and Verification (MRV) system.",,,,,
6,parent_with_subs,sub,governance,"Objective (3.d): Enhancing institutional, procedural and legal arrangements such as Monitoring, Reporting and Verification (MRV) system",Update statistical data collected by CAPMAS to include more climate change-related data.,"Objective (3.d): Enhancing institutional, procedural and legal arrangements such as the Monitoring, Reporting and Verification (MRV) system.",standalone parent policy,"-  Updating the statistical data collected by the Central Agency for Public Mobilization and Statistics (CAPMAS), to include more data related to climate change.",Specific data system enhancement action.,Egypt,No vulnerability context provided,Egypt::ceeb6b1f3692df34c826e7f2,Egypt::ceeb6b1f3692df34c826e7f2,False,False,environmental_monitoring_system → adaptation_planning_support,Updating the statistical data collected by CAPMAS to include more climate-related data improves climate monitoring and supports better-informed adaptation planning and decision-making.,None,0.0,None,None,"evidence quote missing one of: [hazard, exposure, vulnerab, resilien, ...]; evidence quote missing secondary subtype token: [ecosystem, habitat, tree, trees, ...]",guide_secondary_typology_v1,policy_text_evidence_gated,explicit_self,no,Adaptation,Monitoring & analytics capacity → better risk information & decision-making → improved planning/early action → ↓ climate vulnerability (↓ exposure/sensitivity),"(1) Change in human activity/system: The city upgrades internal monitoring systems, datasets, methodologies (e.g., inventories, models, surveys), and digital tools, and builds staff/process capacity to use them in ongoing planning.  
(2) Mediating process: Improved measurement, tracking, and analysis of climate hazards, vulnerabilities, and performance indicators reduces uncertainty and supports timely identification of risks and evaluation of options.  
(3) Climate-relevant outcome: More effective and targeted adaptation plans and interventions are selected and implemented, leading to reduced vulnerability and improved preparedness for climate impacts.",The single biggest climate-relevant effect is improved climate risk management by generating better information and tools that enable more effective adaptation planning and response.,"1) Dominant causal pathway: The mechanism’s direct effect is informational/institutional—better monitoring and analytics that most strongly improve climate risk identification and adaptive decision-making, leading to reduced vulnerability.  
2) Why this primary over alternatives: While similar systems can also support mitigation tracking (e.g., emissions inventories) and resource efficiency management, the mechanism as stated (“adaptation planning support” and internal climate planning tools) most directly maps to adaptive capacity and vulnerability reduction rather than immediate emissions reduction or efficiency gains.  
3) Edge cases applied: If the monitoring system is explicitly centered on GHG accounting/MRV for emissions caps, it could be mitigation-dominant; if centered on energy/water efficiency KPI management, it could be resource-efficiency-dominant. Here, the canonical mechanism explicitly frames adaptation planning support, so Adaptation is selected.  
4) Confirm primary applies to ALL instances sharing this mechanism: Any policy whose core is improving environmental/climate monitoring and methods to support adaptation planning primarily functions by increasing adaptive capacity and improving vulnerability-reducing decisions, even if it has co-benefits for mitigation tracking.  
5) Secondary subtype assignment deferred: Whether a specific policy primarily supports hazards/early warning, infrastructure resilience planning, or mitigation MRV is policy-evidence-specific and should be assigned at the individual policy level, not at the mechanism level.",0.74,"Some representative examples (e.g., detailed building modeling to support emissions reduction) could be mitigation-enabling rather than adaptation-enabling; classification here follows the canonical mechanism framing (adaptation planning support) and treats mitigation support as a potential co-benefit/secondary pathway.",information-disclosure,enabling,direct,"""Updating the statistical data collected""; ""Central Agency for Public Mobilization and Statistics (CAPMAS)""; ""include more data related to climate change""",Better general governance/statistical capacity and evidence-based policymaking beyond climate,"Could also be seen as a planning/strategy administrative reform, but the core action is explicitly expanding climate-related data collection (information instrument) rather than setting a plan or target.",[],True,matched token: 'adapt',True,no typology code,"Objective (3.d): Enhancing institutional, procedural and legal arrangements such as the Monitoring, Reporting and Verification (MRV) system.",,,,,
