cluster_id,cluster_type,role,sector,section_header,policy_statement,parent_statement,parent_row_type,verbatim_text,extraction_rationale,location,location_vulnerability_context,row_key,source_bundle_key,is_atomized_row,is_decomposed,canonical_mechanism,mechanism_description,typology_code,typology_confidence,typology_evidence_quote,secondary_categories,gate_demoted_reason,classification_schema_version,secondary_profile,climate_screen,is_financial_instrument,primary_category,primary_causal_pathway,causal_mechanism_detail,dominant_pathway_test,mechanism_classification_reasoning,mechanism_confidence,mechanism_edge_case_notes,instrument_type,instrument_directness,climate_relevance,key_indicators,co_benefits,instance_edge_case_notes,language_violations,primary_gate_passed,primary_gate_reason,secondary_gate_passed,secondary_gate_reason,parent_policy_name,rescue_disposition,rescue_reasoning,rescue_confidence,primary_category_original,primary_category_rescue_corrected,dropped_by_climate_rescue,primary_gate_rescued
0,parent_with_subs,parent,governance,Chapter 6: Adapting to the effects of climate change (Adaptation) > 2. Direction and structure of measures,"Hiroshima City will implement an Adaptation Plan with two pillars: improving acknowledgement/understanding of climate change and improving regional comprehensive ability to deal with climate risks, and will comprehensively develop three measures under these pillars.",,structural header,"Adaptation measures will have 2 pillars as the directions of measures; under those pillars, there are 3 measures that will be comprehensively developed in line with the plan.

<<First Pillar>> Improvement of acknowledgement and understanding of climate change and its effect

<<Second Pillar>> Improvement of regions' comprehensive ability to deal with climate change risks",Defines the structured adaptation policy framework that subsequent concrete measures fall under.,Hiroshima_Japan,No vulnerability context provided,Hiroshima_Japan::e678aac04200920f130cac9a,Hiroshima_Japan::e678aac04200920f130cac9a,False,False,adaptation_planning_framework → institutional_adaptive_capacity,The city will implement an adaptation plan that builds understanding of climate change and strengthens regional capacity to deal with climate risks.,None,0.0,None,None,evidence_quote not substring-grounded in source,guide_secondary_typology_v1,policy_text_evidence_gated,explicit_self,no,Adaptation,Climate hazard → preparedness/planning capacity → ↓ exposure & ↓ vulnerability → ↓ climate impacts,"(1) Change in human/system activity: Cities implement structured climate preparedness and resilience planning (risk/vulnerability assessments, emergency management optimization, cross-agency coordination, and readiness protocols).  
(2) Mediating physical/social process: Better information, governance, and operational readiness enables earlier warnings, faster response, targeted protection of vulnerable groups, and continuity of critical services during extreme events.  
(3) Climate-relevant outcome: Reduced morbidity/mortality and reduced disruption/damages from extreme weather and other climate stressors; increased institutional adaptive capacity over time.","The single biggest climate-relevant effect is reduced impacts (health, safety, service disruption, damages) from climate hazards through improved preparedness, coordination, and response capacity.","1) Dominant causal pathway: climate hazards are anticipated and managed via planning/readiness, which reduces exposure and vulnerability and therefore reduces adverse impacts—an adaptation pathway.  
2) Why this primary over alternatives: while planning can incidentally influence mitigation (e.g., integrating emissions considerations), the core mechanism described and shared across examples is preparedness and resilience capacity, not GHG reduction (Mitigation), efficiency (Resource Efficiency), or ecosystem-mediated benefits (Nature-Based Solutions).  
3) Edge cases applied: some “resilience planning” documents may include mitigation measures, but that would be a different mechanism; this canonical mechanism is specifically institutional adaptive capacity and readiness for extremes/health impacts.  
4) Applicability to ALL instances: any policy that fits “adaptation planning framework → institutional adaptive capacity” primarily functions by improving governance/readiness to reduce climate impacts, so Adaptation remains the correct primary category across contexts.  
5) Secondary subtype assignment is deferred: details like whether it is heat-health focused, flood emergency management, or broader resilience governance require policy-specific evidence and are not assigned at the mechanism level.",0.9,"Plans labeled “climate preparedness” may bundle mitigation actions (e.g., decarbonization roadmaps); if the dominant implemented content is emissions reduction rather than hazard-impact reduction, that would warrant a different mechanism/category. Here, the stated chain is clearly preparedness/readiness and health risk reduction from extremes.",planning-strategy,enabling,direct,"""implement an Adaptation Plan""; ""2 pillars""; ""directions of measures""; ""comprehensively developed in line with the plan""; ""Improvement of acknowledgement and understanding of climate change""; ""Improvement of regions' comprehensive ability to deal with climate change risks""",None,Measures are referenced but not specified; classification is anchored on the adoption/implementation of an overarching adaptation plan (strategy/framework) rather than on any particular operational program or infrastructure action.,[],True,matched token: 'adapt',True,no typology code,,,,,,,,
0,parent_with_subs,sub,cross_sector,Chapter 6: Adapting to the effects of climate change (Adaptation) > 3. Concrete measures > 1) Creating an environment to promote understanding of climate change and its effect,"Hiroshima City will promote creation of an environment for more accurate understanding of climate change and its effects through publicity/education via city media, school sub-readings, and delivery lectures.","Hiroshima City will implement an Adaptation Plan with two pillars: improving acknowledgement/understanding of climate change and improving regional comprehensive ability to deal with climate risks, and will comprehensively develop three measures under these pillars.",structural header,"## 1) Creating an environment to promote understanding of climate change and its effect

Promote the creation of an environment for more accurate understanding of climate change and its effect.

- -New Publicity and education using the city's PR magazine... and the city website,
- -New Preparation of sub-readings available for school education,
- -New Delivery lecture by the city and Hiroshima City Global Warming Countermeasure Regional Council, etc.",Concrete adaptation measure with specific delivery channels and tools; linked as a sub-measure under the adaptation framework.,Hiroshima_Japan,No vulnerability context provided,Hiroshima_Japan::210c230d64c5ba2b027eb067,Hiroshima_Japan::210c230d64c5ba2b027eb067,False,False,climate_change_education_outreach → public_awareness_and_behavior_change_enabling,"The city promotes publicity and education through city media, school materials, and lectures to improve understanding of climate change and its effects, supporting informed choices and climate action.",None,0.0,None,None,,guide_secondary_typology_v1,policy_text_evidence_gated,explicit_self,no,Adaptation,Information/engagement → behavior & social-norm change + political support → ↓ fossil energy use/material consumption → ↓ GHG emissions → ↓ atmospheric forcing,"(1) Change in human activity/system: The city delivers climate education and public communications (media campaigns, school curricula/materials, public lectures) to raise climate literacy and salience.  
(2) Mediating process: Increased knowledge and perceived efficacy shifts preferences, social norms, and decision-making, leading households/organizations to adopt lower-carbon practices and increasing acceptance/uptake of mitigation programs.  
(3) Climate-relevant outcome: Reduced community-wide GHG emissions (and potentially faster implementation of mitigation interventions), lowering net emissions compared with the counterfactual.",The single biggest climate-relevant effect of policies using this mechanism is enabling emissions-reducing actions by increasing public awareness and motivating behavior change and support for mitigation measures.,"1) Dominant causal pathway: Education/outreach → behavior/norm/support change → reduced fossil energy use and other emitting activities → ↓ GHG emissions.  
2) Why this primary over alternatives: While awareness can also improve preparedness (adaptation) and encourage resource efficiency, the broad, mechanism-level “single biggest” climate effect is typically emissions reduction enabled by widespread voluntary actions and policy acceptance—i.e., mitigation.  
3) Edge cases applied: If education is explicitly about hazard readiness (heatwave response, evacuation) the dominant effect could be adaptation; if framed specifically around waste/energy saving, it can look like resource efficiency but still usually routes to emissions reduction. This mechanism statement is generic “climate change understanding” and “supporting climate action,” aligning best with mitigation enabling.  
4) Applies to ALL instances sharing this mechanism: Any policy whose core mechanism is climate education/outreach to enable awareness and behavior change has its primary climate-relevant effect through enabling downstream mitigation actions (even though the exact actions vary by context).  
5) Secondary subtype assignment deferred: Whether the downstream impact is chiefly buildings energy, transport, waste, or adaptation preparedness requires policy-specific evidence and is not determined at the mechanism level.",0.66,"Could be Adaptation when the outreach content is predominantly risk communication/preparedness; could be Resource Efficiency when narrowly focused on reducing energy/water/material use without explicit GHG framing. For generic “climate change awareness,” Mitigation-as-enabling is the most consistent primary classification.",information-disclosure,enabling,direct,"""publicity and education""; ""city's PR magazine""; ""city website""; ""sub-readings available for school education""; ""delivery lecture""; ""understanding of climate change and its effect""",General environmental literacy and civic engagement (non-climate); potential air-pollution/health awareness (not explicitly stated),"Could also be framed as a planning/strategy or engagement program, but the concrete instruments described are communications/education outputs, making information-disclosure the best fit.",[],False,no Adaptation outcome token found in source; flagging for review,True,no typology code,"Hiroshima City will implement an Adaptation Plan with two pillars: improving acknowledgement/understanding of climate change and improving regional comprehensive ability to deal with climate risks, and will comprehensively develop three measures under these pillars.",reclassify,"Climate relevance is explicit: the policy aims at 'more accurate understanding of climate change and its effect' through 'Publicity and education' and school/lecture outreach (verbatim_text). However, there is no mitigation outcome described (no emissions reduction, energy efficiency, renewables, etc.), matching the gate note 'no Mitigation outcome token found'. The parent frames this within an 'Adaptation Plan' with a pillar of 'improving acknowledgement/understanding of climate change' (parent_statement), indicating adaptation-oriented capacity building rather than mitigation. لذا keep in climate dataset but correct category.",0.77,Mitigation,True,False,
0,parent_with_subs,sub,governance,Chapter 6: Adapting to the effects of climate change (Adaptation) > 3. Concrete measures > 2) Building resilience against climate change,"Hiroshima City will advance adaptation measures focusing particularly on natural disaster/coast area, health, and people's life/city life, incorporating an additional 'adaptation' viewpoint into existing disaster prevention and healthcare measures, and steadily promoting selected effective measures from its FY2015 comprehensive strategy.","Hiroshima City will implement an Adaptation Plan with two pillars: improving acknowledgement/understanding of climate change and improving regional comprehensive ability to deal with climate risks, and will comprehensively develop three measures under these pillars.",structural header,"The city will advance measures in 7 areas...; particularly, the city will focus on the items of 'natural disaster/coast area', 'health' and 'people's life/city life' whose damage by climate change has become obvious in the city.

There are many measures that have already been implemented...; however, they will be advanced with the additional 'adaptation' viewpoint.

...the city will conduct the steady promotion.",Explicit prioritization and commitment to advance measures with an adaptation lens.,Hiroshima_Japan,No vulnerability context provided,Hiroshima_Japan::d669e005541063bddafea673,Hiroshima_Japan::d669e005541063bddafea673,False,False,adaptation_planning_framework → institutional_adaptive_capacity,The city will advance disaster prevention and healthcare measures by incorporating an adaptation viewpoint and steadily promoting effective actions to improve capacity to address climate-related risks.,None,0.0,None,None,"evidence quote missing one of: [ecosystem, habitat, tree, trees, ...]; evidence quote missing secondary subtype token: [ecosystem, habitat, tree, trees, ...]",guide_secondary_typology_v1,policy_text_evidence_gated,explicit_self,no,Adaptation,Climate hazard → preparedness/planning capacity → ↓ exposure & ↓ vulnerability → ↓ climate impacts,"(1) Change in human/system activity: Cities implement structured climate preparedness and resilience planning (risk/vulnerability assessments, emergency management optimization, cross-agency coordination, and readiness protocols).  
(2) Mediating physical/social process: Better information, governance, and operational readiness enables earlier warnings, faster response, targeted protection of vulnerable groups, and continuity of critical services during extreme events.  
(3) Climate-relevant outcome: Reduced morbidity/mortality and reduced disruption/damages from extreme weather and other climate stressors; increased institutional adaptive capacity over time.","The single biggest climate-relevant effect is reduced impacts (health, safety, service disruption, damages) from climate hazards through improved preparedness, coordination, and response capacity.","1) Dominant causal pathway: climate hazards are anticipated and managed via planning/readiness, which reduces exposure and vulnerability and therefore reduces adverse impacts—an adaptation pathway.  
2) Why this primary over alternatives: while planning can incidentally influence mitigation (e.g., integrating emissions considerations), the core mechanism described and shared across examples is preparedness and resilience capacity, not GHG reduction (Mitigation), efficiency (Resource Efficiency), or ecosystem-mediated benefits (Nature-Based Solutions).  
3) Edge cases applied: some “resilience planning” documents may include mitigation measures, but that would be a different mechanism; this canonical mechanism is specifically institutional adaptive capacity and readiness for extremes/health impacts.  
4) Applicability to ALL instances: any policy that fits “adaptation planning framework → institutional adaptive capacity” primarily functions by improving governance/readiness to reduce climate impacts, so Adaptation remains the correct primary category across contexts.  
5) Secondary subtype assignment is deferred: details like whether it is heat-health focused, flood emergency management, or broader resilience governance require policy-specific evidence and are not assigned at the mechanism level.",0.9,"Plans labeled “climate preparedness” may bundle mitigation actions (e.g., decarbonization roadmaps); if the dominant implemented content is emissions reduction rather than hazard-impact reduction, that would warrant a different mechanism/category. Here, the stated chain is clearly preparedness/readiness and health risk reduction from extremes.",planning-strategy,enabling,direct,"""advance adaptation measures""; ""additional 'adaptation' viewpoint""; ""damage by climate change has become obvious""; ""focus on... 'natural disaster/coast area', 'health' and 'people's life/city life'""; ""steady promotion""",General disaster risk reduction and improved public health preparedness beyond climate-driven hazards,"Instrument is framed broadly (“advance measures in 7 areas”) without specifying concrete projects or enforceable requirements, so classification leans to planning/strategy rather than infrastructure investment or regulatory mandate.",[],True,matched token: 'adapt',True,no typology code,"Hiroshima City will implement an Adaptation Plan with two pillars: improving acknowledgement/understanding of climate change and improving regional comprehensive ability to deal with climate risks, and will comprehensively develop three measures under these pillars.",,,,,,,
0,parent_with_subs,sub,governance,Chapter 6: Adapting to the effects of climate change (Adaptation) > 3. Concrete measures > 2) Building resilience against climate change,"As adaptation measures for increased short-time heavy rain, Hiroshima City will implement city renovation for disaster prevention, construct a disaster information sharing system, and enhance disaster information delivery systems.","Hiroshima City will implement an Adaptation Plan with two pillars: improving acknowledgement/understanding of climate change and improving regional comprehensive ability to deal with climate risks, and will comprehensively develop three measures under these pillars.",structural header,"【 Measures against increase of heavy rain in short time 】

- -City renovation for disaster prevention, construction of disaster information sharing system, enhancement of disaster information delivery system",Specific adaptation interventions for extreme rainfall and disasters.,Hiroshima_Japan,No vulnerability context provided,Hiroshima_Japan::054b1e0b9be119007be9891c,Hiroshima_Japan::054b1e0b9be119007be9891c,False,False,disaster_prevention_urban_renovation_and_information_systems → flood_risk_reduction,The city will renovate urban areas for disaster prevention and build/upgrade disaster information sharing and delivery systems to reduce risks and impacts from short-duration heavy rain.,None,0.0,None,None,"evidence quote missing one of: [hazard, exposure, vulnerab, resilien, ...]; evidence quote missing secondary subtype token: [efficien, kwh, kw·h, per capita, ...]",guide_secondary_typology_v1,policy_text_evidence_gated,explicit_self,no,Adaptation,"Climate hazard (extreme rainfall) → ↓ exposure/vulnerability via disaster-preventive urban design + improved warning/response information → ↓ flood impacts (risk, damages, casualties)","(1) Changed system: Municipal governance and urban management—retrofitting/renovating urban areas for disaster prevention (e.g., drainage upgrades, flood-proofing, safer siting) and building/upgrading disaster information sharing and delivery systems (monitoring, alerts, communication channels, coordination platforms).  
(2) Mediating process: Improved stormwater conveyance/retention and reduced physical exposure, plus faster detection, warning dissemination, and coordinated emergency response that increases protective actions and reduces time-to-response.  
(3) Climate-relevant outcome: Lower expected impacts from short-duration heavy rain and associated flooding (reduced risk, damages, service disruption, and potential loss of life) under a changing climate.","The single biggest climate-relevant effect is reduced harm (damage, disruption, casualties) from heavy-rain flooding by decreasing exposure/vulnerability through disaster-preventive urban renovation and improved warning/information delivery.","1) Dominant causal pathway: The mechanism acts on flood risk by reducing exposure and vulnerability through physical urban renovation and improved disaster information/warning and coordination.  
2) Why Adaptation over alternatives: The primary intended and largest climate effect is impact reduction from climate hazards (heavy rain/flooding), not emissions reduction (Mitigation), not primarily reducing resource/energy inputs (Resource Efficiency), and not centered on ecosystem processes (Nature-Based Solutions).  
3) Edge cases applied: Some urban renovations (e.g., green infrastructure) could also create co-benefits like carbon sequestration or cooling, but the mechanism as specified is disaster prevention + information systems aimed at flood impact reduction, so Adaptation remains dominant.  
4) Applicability to ALL instances: Any policy fitting this mechanism—disaster-preventive urban renovation plus disaster information sharing/delivery to address heavy rain—fundamentally operates by lowering flood impacts, which is adaptation by definition.  
5) Secondary subtype deferred: Any further categorization (e.g., “early warning systems” vs “flood-proof infrastructure”) requires policy-specific details and is not assigned at the mechanism level.",0.93,"If “urban renovation for disaster prevention” is implemented mainly through nature-based measures (e.g., wetland restoration, large-scale green-blue networks), a Nature-Based Solutions label could be arguable; however, for this canonical mechanism emphasizing disaster prevention renovation + information systems, the dominant effect is adaptation via reduced flood exposure/vulnerability.",infrastructure-investment,direct,direct,“adaptation measures for increased short-time heavy rain”; “City renovation for disaster prevention”; “construction of disaster information sharing system”; “enhancement of disaster information delivery system”; “Measures against increase of heavy rain in short time”,Improved general disaster preparedness and emergency communications for non-climate hazards; potential everyday public-safety/service reliability improvements.,"Includes an information-system component that could also fit “planning-strategy” or “information-disclosure,” but the dominant action is implementation/build-out (construction/enhancement), so classified as infrastructure-investment.",[],True,matched token: 'adapt',True,no typology code,"Hiroshima City will implement an Adaptation Plan with two pillars: improving acknowledgement/understanding of climate change and improving regional comprehensive ability to deal with climate risks, and will comprehensively develop three measures under these pillars.",,,,,,,
0,parent_with_subs,sub,cross_sector,Chapter 6: Adapting to the effects of climate change (Adaptation) > 3. Concrete measures > 2) Building resilience against climate change,"As adaptation measures for health impacts from temperature rise, Hiroshima City will publicize heat disorder risks and provide information for heat disorder prevention.","Hiroshima City will implement an Adaptation Plan with two pillars: improving acknowledgement/understanding of climate change and improving regional comprehensive ability to deal with climate risks, and will comprehensively develop three measures under these pillars.",structural header,"【 Measures against the effect of climate change on health due to the temperature rises, etc. 】

- -Publicity on heat disorder, information provision of heat disorder prevention",Concrete public-health adaptation actions.,Hiroshima_Japan,No vulnerability context provided,Hiroshima_Japan::605b5e6ea1f9ea625bd1133f,Hiroshima_Japan::605b5e6ea1f9ea625bd1133f,False,False,heat_risk_public_information → heat_exposure_reduction,The city will publicize heat disorder risks and provide prevention information to help residents reduce heat exposure and related health impacts during high temperatures.,None,0.0,None,None,"evidence quote missing one of: [ecosystem, habitat, tree, trees, ...]; evidence quote missing secondary subtype token: [ecosystem, habitat, tree, trees, ...]",guide_secondary_typology_v1,policy_text_evidence_gated,explicit_self,no,Adaptation,Climate hazard (extreme heat) → risk communication/behavior change → ↓ human exposure/vulnerability → ↓ heat-related morbidity/mortality,"(1) The city changes public awareness and behavior by disseminating heat-risk alerts, guidance, and prevention information (e.g., hydration, cooling, checking on vulnerable people, recognizing symptoms). (2) This information mediates outcomes by prompting earlier and more frequent protective actions and use of cooling/avoidance strategies during high-temperature periods. (3) The climate-relevant outcome is reduced exposure and sensitivity to extreme heat, lowering heat-related illness and deaths (i.e., improved resilience to climate-driven temperature extremes).",The single biggest climate-relevant effect is reduced population exposure and health harm during heat events via improved awareness and protective behaviors.,"1) Dominant causal pathway: extreme heat risk → communication-induced protective behavior → reduced exposure/vulnerability and health impacts.  
2) Why this primary over alternatives: the mechanism’s main effect is coping with a climate hazard (heat) rather than reducing emissions (Mitigation), reducing resource inputs (Resource Efficiency), or enhancing ecosystems (Nature-Based Solutions).  
3) Edge cases applied: communications could indirectly increase energy use (e.g., more air-conditioning) or enable mitigation co-benefits if paired with efficiency messaging, but those are secondary and not the core causal chain here.  
4) Applicability to ALL instances: any policy defined by “publicize heat disorder risks/provide prevention information” primarily functions to reduce heat exposure and health impacts, which is adaptation across contexts.  
5) Secondary subtype assignment (e.g., public health, early warning systems, vulnerable populations) is deferred to policy-level evidence and is not determined at the mechanism-only level.",0.93,"Potential tradeoff: messaging that encourages increased air-conditioning can raise electricity demand and emissions unless paired with efficiency/clean power guidance; however, the dominant pathway remains heat-risk adaptation through reduced exposure and health harm.",information-disclosure,direct,direct,“Measures against the effect of climate change on health due to the temperature rises”; “Publicity on heat disorder”; “information provision of heat disorder prevention”,None,"Could also be framed as a planning/strategy element if embedded in a broader heat-health action plan, but the excerpt itself specifies only communication/information provision, fitting information-disclosure most cleanly.",[],True,matched token: 'exposure',True,no typology code,"Hiroshima City will implement an Adaptation Plan with two pillars: improving acknowledgement/understanding of climate change and improving regional comprehensive ability to deal with climate risks, and will comprehensively develop three measures under these pillars.",,,,,,,
0,parent_with_subs,sub,land_use,Chapter 6: Adapting to the effects of climate change (Adaptation) > 3. Concrete measures > 2) Building resilience against climate change,"As heat/heat-island adaptation measures, Hiroshima City will create a water and green network through conservation/creation of public open spaces and promote roof and wall greening of buildings (including via the green promotion system).","Hiroshima City will implement an Adaptation Plan with two pillars: improving acknowledgement/understanding of climate change and improving regional comprehensive ability to deal with climate risks, and will comprehensively develop three measures under these pillars.",structural header,"【 Countermeasures against heat (heat island phenomenon, etc.) 】

- -Creation of water and green network by the conservation and creation of public open space such as rivers and roads through which the wind passes; promotion of greenery increase on roof and walls of buildings (including those by the green promotion system).",Specific urban cooling/heat-island interventions with clear actions.,Hiroshima_Japan,No vulnerability context provided,Hiroshima_Japan::a05c25c642dd5fe122e02a40,Hiroshima_Japan::a05c25c642dd5fe122e02a40,False,False,urban_greening_and_blue_green_network → heat_mitigation,The city will create a connected water-and-green network and promote roof and wall greening to reduce urban heat and heat-island impacts.,None,0.0,None,None,,guide_secondary_typology_v1,policy_text_evidence_gated,explicit_self,no,Adaptation,Climate hazard (extreme heat) → urban heat exposure → ↑ green/blue + vegetated surfaces → ↓ urban heat island intensity → ↓ heat exposure/impacts,"(1) Change: The city increases and connects vegetated and water features (parks, open spaces, corridors, waterways) and adds vegetated building surfaces (green roofs/walls). (2) Process: Added vegetation and water increase shading, evapotranspiration, and surface albedo/thermal regulation, reducing heat storage in built materials and lowering near-surface air and surface temperatures, especially during heat events and at night. (3) Outcome: Reduced urban heat island intensity and reduced population/infrastructure exposure to extreme heat, lowering heat stress, morbidity/mortality risk, and heat-related service disruptions.",The single biggest climate-relevant effect is reducing urban heat exposure by lowering local temperatures via expanded/connected green-blue infrastructure and building greening.,"1) Dominant causal pathway: reducing extreme-heat hazard impacts by lowering local temperatures and thus exposure (UHI mitigation as heat-risk reduction).  
2) Why Adaptation over alternatives: The main climate function is risk reduction from heat extremes (hazard/exposure pathway), not primarily GHG abatement (Mitigation) or “same service with less energy/material input” (Resource Efficiency). Nature-Based Solutions are involved as a means, but the dominant endpoint is adaptation (reduced heat exposure/impacts).  
3) Edge cases applied: If a specific policy instance framed the primary goal as carbon sequestration or energy-demand reduction, that could shift classification at the policy level; however, for this canonical mechanism (“…→ heat_mitigation”), the defining effect is heat-risk reduction.  
4) Applicability to ALL instances: Any policy that creates/expands connected green-blue networks and promotes roof/wall greening for heat mitigation shares the same primary effect of reducing UHI-driven heat exposure, so Adaptation applies consistently.  
5) Secondary subtype assignment deferred: Co-benefits (carbon sinks, stormwater management, biodiversity, cooling-energy reduction) may warrant secondary tags, but assigning those requires policy-specific evidence and is deferred.",0.9,Some implementations may primarily target mitigation via reduced cooling loads or increased carbon sequestration; those would be secondary benefits here unless the policy’s stated primary objective and design clearly prioritize GHG reductions over heat-risk reduction.,planning-strategy,direct,direct,“Countermeasures against heat (heat island phenomenon)”; “Creation of water and green network”; “conservation and creation of public open space”; “rivers and roads through which the wind passes”; “promotion of greenery increase on roof and walls of buildings”; “green promotion system”,Improved air quality; stormwater management/flood mitigation; biodiversity/urban habitat; recreation/amenity and public health benefits; potential energy savings in buildings.,"“Including via the green promotion system” could indicate an incentive-program component, but the excerpt does not specify the instrument mechanics (e.g., subsidies/requirements), so the primary instrument is treated as a planning strategy.",[],True,matched token: 'adapt',True,no typology code,"Hiroshima City will implement an Adaptation Plan with two pillars: improving acknowledgement/understanding of climate change and improving regional comprehensive ability to deal with climate risks, and will comprehensively develop three measures under these pillars.",,,,,,,
0,parent_with_subs,sub,governance,Chapter 6: Adapting to the effects of climate change (Adaptation) > 3. Concrete measures > 3) Building of a system to learn and evaluate the effects of climate change,Hiroshima City will cooperate with the state and universities to consider a system to learn and evaluate climate change effects to time and advance adaptation measures appropriately.,"Hiroshima City will implement an Adaptation Plan with two pillars: improving acknowledgement/understanding of climate change and improving regional comprehensive ability to deal with climate risks, and will comprehensively develop three measures under these pillars.",structural header,"## 3) Building of a system to learn and evaluate the effects of climate change

In order to prepare for the estimated effects and advance 'adaptation measures' appropriately at a suitable time, the city will cooperate with the state and universities and consider a system to learn and evaluate.",Explicit commitment to establish an evaluation/learning system with identified partners.,Hiroshima_Japan,No vulnerability context provided,Hiroshima_Japan::39cc50e9f924ea68a0989190,Hiroshima_Japan::39cc50e9f924ea68a0989190,False,False,environmental_monitoring_system → adaptation_planning_support,"The city will cooperate with the state and universities to consider a system that learns and evaluates climate change effects, helping it time and advance adaptation measures appropriately.",None,0.0,None,None,"evidence quote missing one of: [ecosystem, habitat, tree, trees, ...]; evidence quote missing secondary subtype token: [ecosystem, habitat, tree, trees, ...]",guide_secondary_typology_v1,policy_text_evidence_gated,explicit_self,no,Adaptation,Monitoring & analytics capacity → better risk information & decision-making → improved planning/early action → ↓ climate vulnerability (↓ exposure/sensitivity),"(1) Change in human activity/system: The city upgrades internal monitoring systems, datasets, methodologies (e.g., inventories, models, surveys), and digital tools, and builds staff/process capacity to use them in ongoing planning.  
(2) Mediating process: Improved measurement, tracking, and analysis of climate hazards, vulnerabilities, and performance indicators reduces uncertainty and supports timely identification of risks and evaluation of options.  
(3) Climate-relevant outcome: More effective and targeted adaptation plans and interventions are selected and implemented, leading to reduced vulnerability and improved preparedness for climate impacts.",The single biggest climate-relevant effect is improved climate risk management by generating better information and tools that enable more effective adaptation planning and response.,"1) Dominant causal pathway: The mechanism’s direct effect is informational/institutional—better monitoring and analytics that most strongly improve climate risk identification and adaptive decision-making, leading to reduced vulnerability.  
2) Why this primary over alternatives: While similar systems can also support mitigation tracking (e.g., emissions inventories) and resource efficiency management, the mechanism as stated (“adaptation planning support” and internal climate planning tools) most directly maps to adaptive capacity and vulnerability reduction rather than immediate emissions reduction or efficiency gains.  
3) Edge cases applied: If the monitoring system is explicitly centered on GHG accounting/MRV for emissions caps, it could be mitigation-dominant; if centered on energy/water efficiency KPI management, it could be resource-efficiency-dominant. Here, the canonical mechanism explicitly frames adaptation planning support, so Adaptation is selected.  
4) Confirm primary applies to ALL instances sharing this mechanism: Any policy whose core is improving environmental/climate monitoring and methods to support adaptation planning primarily functions by increasing adaptive capacity and improving vulnerability-reducing decisions, even if it has co-benefits for mitigation tracking.  
5) Secondary subtype assignment deferred: Whether a specific policy primarily supports hazards/early warning, infrastructure resilience planning, or mitigation MRV is policy-evidence-specific and should be assigned at the individual policy level, not at the mechanism level.",0.74,"Some representative examples (e.g., detailed building modeling to support emissions reduction) could be mitigation-enabling rather than adaptation-enabling; classification here follows the canonical mechanism framing (adaptation planning support) and treats mitigation support as a potential co-benefit/secondary pathway.",planning-strategy,enabling,direct,"""Building of a system to learn and evaluate the effects of climate change""; ""advance 'adaptation measures' appropriately at a suitable time""; ""cooperate with the state and universities""; ""consider a system""",Improved general environmental monitoring and evidence-based policymaking beyond climate adaptation.,"Could also be interpreted as an information/monitoring program (information-disclosure if public reporting were specified), but the text emphasizes internal system-building and coordination rather than disclosure or a concrete investment, so planning-strategy is the best fit.",[],True,matched token: 'adapt',True,no typology code,"Hiroshima City will implement an Adaptation Plan with two pillars: improving acknowledgement/understanding of climate change and improving regional comprehensive ability to deal with climate risks, and will comprehensively develop three measures under these pillars.",,,,,,,
1,individual,individual,cross_sector,Chapter 5: Promotion of counteractions against global warming (Mitigation) > 2. Reduction target for greenhouse gas emissions,"Hiroshima City will set greenhouse gas emissions reduction targets of 80% by FY2050, 30% by FY2030, and 5% by FY2020 compared to FY2013 (with FY2020 also equivalent to 7% compared to FY2005).",,,"To establish the reduction target of greenhouse gas emissions, the city will set the long-term target based on the national government's target, keeping in mind the city Hiroshima aims to become.

| Timeframe            | Target Year   | Reduction Target (Total Target Amount)            |
| Long-term Target     | FY2050        | Compared to FY2013 ▲ 80%                          |
| Mid-term Target *1   | FY2030        | Compared to FY2013 ▲ 30%                          |
| Short-term Target *2 | FY2020        | Compared to FY2013 ▲ 5% (Compared to FY2005 ▲ 7%) |","Clear, quantified citywide mitigation targets with target years and base year.",Hiroshima_Japan,No vulnerability context provided,Hiroshima_Japan::edbe0a2ef061d3299ebe332f,Hiroshima_Japan::edbe0a2ef061d3299ebe332f,False,False,economy_wide_ghg_target → emissions_reduction_pathway,The city will set long-term and interim greenhouse gas emissions reduction targets to guide an overall pathway for cutting emissions over time.,None,0.0,None,None,"evidence quote missing one of: [efficien, kwh, kw·h, per capita, ...]; evidence quote missing secondary subtype token: [efficien, kwh, kw·h, per capita, ...]",guide_secondary_typology_v1,policy_text_evidence_gated,explicit_self,no,Mitigation,Policy target-setting + governance → cross-sector decarbonization actions → ↓ GHG emissions → ↓ atmospheric forcing,"(1) Change in human activity/system: The city adopts a binding or guiding community-wide emissions target (e.g., % reduction by a year, net-zero), aligning planning, budgeting, regulations, and investments across energy, buildings, transport, waste, and industry.  
(2) Mediating physical process: Reduced combustion of fossil fuels, improved energy efficiency, fuel switching/electrification, methane reductions, and other sector measures lower the mass flow of GHGs released to the atmosphere.  
(3) Climate-relevant outcome: Lower community-wide GHG emissions (CO₂e) leading to reduced cumulative atmospheric GHG concentrations and reduced radiative forcing over time.",The single biggest climate-relevant effect of policies using this mechanism is achieving economy-wide reductions in greenhouse gas emissions (often to net-zero) across major sectors.,"1) Dominant causal pathway: The mechanism’s central function is to set an economy-wide emissions outcome that triggers and coordinates decarbonization measures, yielding ↓ GHG emissions.  
2) Why this primary over alternatives: While targets can indirectly improve efficiency or resilience, their defining and largest intended climate effect is emissions mitigation at the community scale, not adaptation (hazard/exposure reduction), not resource efficiency as an end in itself, and not ecosystem-based carbon sequestration as the primary lever.  
3) Edge cases applied: Some targets include “net-zero” via offsets or land-sector sinks; even then, the dominant climate-relevant purpose remains achieving net emissions reductions/neutrality (mitigation). If a document is purely aspirational with no implementation linkage, it is still categorized by intended dominant pathway (mitigation).  
4) Confirm applies to ALL instances: Any policy that sets a community-wide GHG reduction or net-zero target shares the same primary mechanism—economy-wide emissions reduction—regardless of sector mix or local context.  
5) Secondary subtype deferred: Whether delivery relies more on efficiency, electrification, renewables, waste methane controls, offsets, or nature-based sinks requires policy-specific evidence and is deferred to policy-level classification.",0.93,"Targets framed mainly as “climate neutrality” can be met with offsets or external credits; classification remains Mitigation, but downstream interpretation should note whether reductions are in-boundary vs. compensated. Targets limited to municipal operations (not community-wide) would be a different mechanism and should not be conflated.",target-setting,enabling,direct,“set greenhouse gas emissions reduction targets”; “Long-term Target FY2050 … ▲80%”; “Mid-term Target FY2030 … ▲30%”; “Short-term Target FY2020 … ▲5%”; “To establish the reduction target”; “based on the national government’s target”,None,"Targets appear policy/plan-based rather than explicitly legally binding in the excerpt; classification remains target-setting regardless of binding status. No accompanying implementation instruments (regulations, incentives, investments) are specified in the provided text.",[],True,matched token: 'ghg',True,no typology code,,,,,,,,
3,individual,individual,cross_sector,Chapter 5: Promotion of counteractions against global warming (Mitigation) > *2 Setting of short-term energy reduction target,Hiroshima City will set a short-term (FY2020) energy-use reduction target of 5% for total energy use not affected by the CO2 emission factor of electric utilities.,,,"*2 Setting of short-term energy reduction target

Total amount of energy use that is not affected by the carbon dioxide emission factor of electric utility

- -Total amount of energy use: ▲ 5%","Explicit, quantified short-term energy reduction target.",Hiroshima_Japan,No vulnerability context provided,Hiroshima_Japan::4964376aee72b23948869f68,Hiroshima_Japan::4964376aee72b23948869f68,False,False,energy_use_reduction_target → energy_use_reduction,"Hiroshima City will set a short-term target to reduce total energy use, leading to lower overall energy consumption.",None,0.0,None,None,"evidence quote missing one of: [ghg, greenhouse gas, greenhouse gases, emission, ...]; evidence quote missing secondary subtype token: [hazard, exposure, vulnerab, resilien, ...]",guide_secondary_typology_v1,policy_text_evidence_gated,explicit_self,no,Mitigation,Human activity (energy demand) → ↓ energy production/combustion → ↓ GHG emissions → ↓ atmospheric forcing,"(1) Change: Citywide actors (municipal operations, buildings, industry, households) are steered to reduce total final energy use through a quantified short-term reduction target. (2) Process: Lower energy demand leads to reduced combustion of fossil fuels and reduced upstream generation of electricity/heat (depending on the supply mix). (3) Outcome: Net reduction in CO2e emissions from energy use (direct and/or indirect), yielding climate mitigation benefits.",Reducing total energy use most directly lowers fossil energy consumption and associated CO2 (and other GHG) emissions.,"1) Dominant causal pathway: setting an energy-use reduction target aims to cut total energy demand, which reduces fuel use/electricity generation and thereby reduces GHG emissions.  
2) Why this primary over alternatives: While “resource efficiency” describes using less energy for the same service, the climate-dominant effect of this mechanism (as written) is emissions reduction from reduced energy throughput; thus Mitigation is the correct primary category.  
3) Edge cases applied: If energy is already near-zero-carbon, the emissions impact could be smaller and the policy could look more like Resource Efficiency; however, the mechanism’s intent and typical effect across contexts is still to reduce energy-related emissions.  
4) Applicability to ALL instances: Any policy whose mechanism is “energy use reduction target → energy use reduction” fundamentally operates by reducing aggregate energy consumption; the biggest climate-relevant consequence is reduced energy-related GHG emissions, so Mitigation applies broadly.  
5) Note on subtypes: Secondary subtype or sectoral attribution (buildings/industry/municipal ops; behavioral vs. efficiency) depends on policy-level evidence and is deferred.",0.84,"If the reduced energy is entirely from zero-carbon supply (or reductions are primarily load-shifting without net energy reduction), mitigation benefits may be limited and “Resource Efficiency” could be argued; however the canonical mechanism specifies net energy-use reduction, which generally implies emissions reduction in most grids and fuel mixes.",target-setting,enabling,direct,"""Setting of short-term energy reduction target""; ""FY2020""; ""Total amount of energy use""; ""▲ 5%""; ""not affected by the carbon dioxide emission factor of electric utility""",Reduced energy costs; improved local air quality; energy security/resilience,"“Not affected by the CO2 emission factor of electric utilities” suggests the target is defined to avoid variability from grid emission factors (i.e., focusing on final energy use), but the instrument remains a target rather than a performance standard or mandate because no compliance/enforcement mechanism is stated.",[],True,matched token: 'emission',True,no typology code,,,,,,,,
8,individual,individual,buildings,Chapter 5: Promotion of counteractions against global warming (Mitigation) > ◆ Household > ◇ Key Performance Indicator (KPI),"For households, Hiroshima City sets KPIs including: newly-built ZEH share 50% by FY2020 and almost 100% by FY2030; low-carbon house share 50% by FY2020; household fuel cells total 15,000 by FY2020 and 56,000 by FY2030; and LED adoption (>80% of household lighting) 50% by FY2020 and almost 100% by FY2030.",,,"## ◇ Key Performance Indicator (KPI)

| ... | ZEH | 4.3% (FY2015) | 50% | Almost100% |
| ... | Low-carbon house | 1.3% (FY2015) | 50% | - |
| Number of introduced household fuel cells (Total) | ... | 822 (FY2015) | 15,000 | 56,000 |
| Rate of citizens who have introduced LED lighting for more than 80%ofhousehold lighting | ... | 12.5% (FY2016) | 50% | Almost100% |",Quantified KPI targets with years provide concrete commitments for household sector implementation.,Hiroshima_Japan,No vulnerability context provided,Hiroshima_Japan::24cef9710c3f4c57cf261ae8,Hiroshima_Japan::24cef9710c3f4c57cf261ae8,False,False,commercial_building_retrofit → energy_use_reduction,"The city sets KPI targets to increase uptake of ZEH/low-carbon homes, household fuel cells, and LED lighting, which reduces household energy use and associated emissions.",None,0.0,None,None,evidence_quote not substring-grounded in source,guide_secondary_typology_v1,policy_text_evidence_gated,explicit_self,no,Mitigation,Same building service → ↓ energy input → ↓ fuel combustion / ↓ grid generation → ↓ GHG emissions → ↓ atmospheric forcing,"1) Activity/system changed: Building design and operations are upgraded via retrofits (e.g., insulation, air sealing, efficient HVAC, heat recovery, LEDs, building automation, commissioning) and improved operational practices.  
2) Mediating physical process: Reduced heat losses/gains and improved equipment efficiency/control lowers final energy demand; this in turn reduces electricity generation and on-site fuel combustion needed to provide the same services.  
3) Climate-relevant outcome: Lower CO₂ (and some CH₄/N₂O) emissions from reduced energy use, with magnitude depending on the local electricity/heat carbon intensity and baseline performance.","The single biggest climate-relevant effect is reduced GHG emissions due to lower energy consumption for the same building services (heating, cooling, lighting, plug loads).","1) Dominant causal pathway: Retrofit-driven energy efficiency reduces energy demand for the same services, which primarily reduces combustion and grid generation emissions—i.e., a direct mitigation pathway.  
2) Why this primary over alternatives: While retrofits can also improve comfort, resilience (e.g., better thermal performance during heat/cold events), and reduce energy bills (resource efficiency framing), the largest climate-relevant effect across policies using this mechanism is reduced GHG emissions from lower energy consumption.  
3) Edge cases applied: If a retrofit increases electricity use (e.g., electrification with heat pumps) but reduces total emissions due to cleaner electricity, that is a different mechanism (fuel switching/electrification). If retrofits are primarily for passive survivability/adaptation without energy/emissions objectives, that would shift to Adaptation, but that is not what this mechanism encodes.  
4) Applicability to ALL instances: Any policy that fits “commercial/municipal building retrofit → energy use reduction” shares the same primary effect—lower energy demand leading to lower associated emissions—regardless of city or building type.  
5) Secondary subtype deferred: Whether the policy should be tagged secondarily as Resource Efficiency (cost/energy savings emphasis) or Adaptation co-benefits (thermal resilience) depends on policy-level evidence and is not assigned here.",0.93,"Some retrofit packages include fuel switching (e.g., gas boiler to heat pump) or on-site renewables; those would introduce additional/alternative mechanisms. Rebound effects (increased comfort leading to higher use) can reduce net savings but typically do not overturn the dominant mitigation pathway.",target-setting,enabling,direct,"""Key Performance Indicator (KPI)""; ""50% by FY2020""; ""Almost 100% by FY2030""; ""Number of introduced household fuel cells""; ""Rate of citizens who have introduced LED lighting""",Lower household energy bills; improved indoor comfort; potential air-quality benefits from reduced fossil fuel use.,"Targets are framed as KPIs without specifying binding requirements or accompanying instruments (e.g., subsidies/standards), so classification is target-setting (enabling) rather than regulatory or incentive-based.",[],True,matched token: 'carbon',True,no typology code,,,,,,,,
12,individual,individual,buildings,Chapter 5: Promotion of counteractions against global warming (Mitigation) > ◆ Business activities > ◇ Key Performance Indicator (KPI),"For business activities, Hiroshima City sets KPIs including Eco Action 21/ISO14001 introductions (500 by FY2020; 1,000 by FY2030), LED lighting use in offices (88.1% by FY2020; almost 100% by FY2030), and BEMS introduction rate (13% by FY2020; 47% by FY2030).",,,"## ◇ Key Performance Indicator (KPI)

| No. of introductions of Eco Action 21 and ISO14001 (total) | 370 (FY2015) | 500 | 1,000 |
| Rate of offices that use LED lights for lighting | 52.5% (FY2016) | 88.1% | Almost100% |
| Rate of offices that introduce Business Energy Management System (BEMS) | 2.8% (FY2016) | 13% | 47% |","Quantified KPI targets define concrete expected uptake of standards, LEDs, and energy management.",Hiroshima_Japan,No vulnerability context provided,Hiroshima_Japan::dbbac687c50e373986d1c25c,Hiroshima_Japan::dbbac687c50e373986d1c25c,False,False,commercial_building_retrofit → energy_use_reduction,"The city sets KPIs to increase office LED lighting and BEMS adoption, which lowers commercial building energy use and associated emissions.",None,0.0,None,None,evidence_quote not substring-grounded in source,guide_secondary_typology_v1,policy_text_evidence_gated,explicit_self,no,Mitigation,Same building service → ↓ energy input → ↓ fuel combustion / ↓ grid generation → ↓ GHG emissions → ↓ atmospheric forcing,"1) Activity/system changed: Building design and operations are upgraded via retrofits (e.g., insulation, air sealing, efficient HVAC, heat recovery, LEDs, building automation, commissioning) and improved operational practices.  
2) Mediating physical process: Reduced heat losses/gains and improved equipment efficiency/control lowers final energy demand; this in turn reduces electricity generation and on-site fuel combustion needed to provide the same services.  
3) Climate-relevant outcome: Lower CO₂ (and some CH₄/N₂O) emissions from reduced energy use, with magnitude depending on the local electricity/heat carbon intensity and baseline performance.","The single biggest climate-relevant effect is reduced GHG emissions due to lower energy consumption for the same building services (heating, cooling, lighting, plug loads).","1) Dominant causal pathway: Retrofit-driven energy efficiency reduces energy demand for the same services, which primarily reduces combustion and grid generation emissions—i.e., a direct mitigation pathway.  
2) Why this primary over alternatives: While retrofits can also improve comfort, resilience (e.g., better thermal performance during heat/cold events), and reduce energy bills (resource efficiency framing), the largest climate-relevant effect across policies using this mechanism is reduced GHG emissions from lower energy consumption.  
3) Edge cases applied: If a retrofit increases electricity use (e.g., electrification with heat pumps) but reduces total emissions due to cleaner electricity, that is a different mechanism (fuel switching/electrification). If retrofits are primarily for passive survivability/adaptation without energy/emissions objectives, that would shift to Adaptation, but that is not what this mechanism encodes.  
4) Applicability to ALL instances: Any policy that fits “commercial/municipal building retrofit → energy use reduction” shares the same primary effect—lower energy demand leading to lower associated emissions—regardless of city or building type.  
5) Secondary subtype deferred: Whether the policy should be tagged secondarily as Resource Efficiency (cost/energy savings emphasis) or Adaptation co-benefits (thermal resilience) depends on policy-level evidence and is not assigned here.",0.93,"Some retrofit packages include fuel switching (e.g., gas boiler to heat pump) or on-site renewables; those would introduce additional/alternative mechanisms. Rebound effects (increased comfort leading to higher use) can reduce net savings but typically do not overturn the dominant mitigation pathway.",target-setting,enabling,direct,"“Key Performance Indicator (KPI)”; “500 by FY2020; 1,000 by FY2030”; “Rate of offices that use LED lights”; “Almost100%”; “introduce Business Energy Management System (BEMS)”; “13%”; “47%”",Improved local air quality and public health (via reduced energy-related pollution); operational cost savings for businesses; productivity/comfort improvements from better lighting and building controls.,"KPIs imply a municipal goal/monitoring framework, but the text does not indicate whether these targets are voluntary, tied to incentives, or enforced via regulation—so instrument directness is treated as enabling rather than direct.",[],True,rescued_by_f1_5,True,no typology code,,keep,"Despite the gate noting 'no Mitigation outcome token', the source is explicitly about energy-efficiency KPIs in offices. Quotes: 'Rate of offices that use LED lights for lighting' and 'Rate of offices that introduce Business Energy Management System (BEMS)'. LED retrofits and BEMS deployment are established mitigation actions via reduced electricity/energy use in commercial buildings, aligning with the canonical mechanism 'commercial_building_retrofit → energy_use_reduction'. Climate screen verdict is 'explicit_self', so the row should remain in the climate dataset under Mitigation.",0.9,,,False,True
19,individual,individual,waste,Chapter 5: Promotion of counteractions against global warming (Mitigation) > ◆ Waste > ◇ Key Performance Indicator (KPI),"For waste, Hiroshima City sets KPIs including reducing waste per person per day to 826 g/person/day by FY2020 and reducing incineration amount to 295,000 ton/year by FY2020.",,,"## ◇ Key Performance Indicator (KPI)

| Waste amount per day per person | 859 g/person/day (FY2013) | 826 g/ person/day | - |
| Incineration amount of waste | 304,000 ton/year (FY2013) | 295,000 ton/year | - |",Quantified waste prevention KPIs with baseline and target year.,Hiroshima_Japan,No vulnerability context provided,Hiroshima_Japan::37153f167afde91356d2e83e,Hiroshima_Japan::37153f167afde91356d2e83e,False,False,waste_reduction_target → waste_treatment_emissions_reduction,"It sets KPIs to reduce per-person waste generation and the amount of waste incinerated, lowering emissions associated with waste treatment.",None,0.0,None,None,,guide_secondary_typology_v1,policy_text_evidence_gated,explicit_self,no,Mitigation,Waste generation/treatment activity → ↓ incineration/processing emissions (and avoided upstream waste-related emissions) → ↓ GHG emissions → ↓ atmospheric forcing,"(1) Change in activity/system: A city sets quantitative KPIs/targets to reduce per-capita waste generation and the quantity of waste incinerated (often implying increased prevention, reuse, recycling, and alternative treatment).  
(2) Mediating physical process: Less waste is collected/processed and less is combusted; this reduces direct CO₂ (and other climate-relevant gases) from combustion and lowers energy/fuel use in waste handling and treatment operations.  
(3) Climate-relevant outcome: Net reduction in lifecycle GHG emissions attributable to municipal solid waste management.",The single biggest climate-relevant effect is reduced GHG emissions from waste treatment (especially avoided incineration and upstream avoided waste handling).,"1) Dominant causal pathway: The mechanism’s central causal chain is “set waste reduction/incineration reduction targets → reduce waste treated/combusted → reduce waste-sector GHG emissions,” which is a direct emissions mitigation pathway.  
2) Why this primary over alternatives: Although waste reduction can also improve resource efficiency (using fewer materials) and reduce local pollutants, the stated mechanism and climate-relevant endpoint here is explicitly lowering emissions from waste treatment; thus Mitigation dominates.  
3) Edge cases applied: If a target is framed purely around material circularity without a clear emissions endpoint, it could be argued as Resource Efficiency; however, this canonical mechanism explicitly links targets to waste treatment emissions reduction, keeping Mitigation primary.  
4) Applies to ALL instances: Any policy sharing this mechanism (targets to reduce waste generation and/or incineration to cut treatment emissions) has its largest climate impact through reduced GHG emissions from waste operations, so Mitigation is consistently primary.  
5) Secondary subtype deferral: Any secondary classification (e.g., whether benefits are mainly from avoided incineration CO₂ vs avoided methane via diversion, or from upstream material production savings) requires policy-level and system-boundary evidence and is deferred.",0.83,"If reduced incineration is replaced by increased landfilling of organics without methane capture, net GHG benefits may be smaller or ambiguous; classification remains Mitigation because the intended dominant pathway is emissions reduction from waste treatment, but outcome depends on the disposal shift and accounting boundary.",target-setting,enabling,direct,"""Key Performance Indicator (KPI)""; ""Waste amount per day per person""; ""Incineration amount of waste""; ""826 g/person/day by FY2020""; ""295,000 ton/year by FY2020""; baseline figures ""(FY2013)""",Reduced local air pollutants from incineration; lower waste management costs; improved resource efficiency/recycling outcomes.,"Targets/KPIs are stated without the accompanying implementation measures (e.g., pricing, mandates, infrastructure), so classification is limited to target-setting rather than a direct regulatory or investment instrument.",[],True,matched token: 'emission',True,no typology code,,,,,,,,
21,individual,individual,energy_supply,Chapter 5: Promotion of counteractions against global warming (Mitigation) > ◆ Source of forest absorption /planting trees > ◇ Key Performance Indicator (KPI),"Hiroshima City sets KPIs to increase introduced biomass boilers in city facilities to 3 by FY2020 and 9 by FY2030, and to increase area of park and green spaces to 1,000 ha by FY2020.",,,"## ◇ Key Performance Indicator (KPI)

| No. of introduced biomass boilers in the city facilities (cumulative total) | 1 (FY2016) | 3 | 9 |
| Area of park and green spaces | 975.71ha (FY2015) | 1,000ha | - |",Quantified KPIs for biomass boiler deployment and greenspace expansion.,Hiroshima_Japan,No vulnerability context provided,Hiroshima_Japan::dd6a53ee5ee571118fe84925,Hiroshima_Japan::dd6a53ee5ee571118fe84925,False,False,biomass_boiler_deployment → fossil_heating_displacement,The city tracks increasing installation of biomass boilers in its facilities to shift heat supply away from fossil fuels and reduce associated emissions.,None,0.0,None,None,,guide_secondary_typology_v1,policy_text_evidence_gated,explicit_self,no,Mitigation,Fossil heat demand → biomass boiler deployment → ↓ fossil fuel combustion → ↓ CO₂e emissions → ↓ atmospheric forcing,"(1) Change in human/system activity: City facilities shift their heat generation technology and fuel from fossil-fired boilers (oil/gas/coal) to biomass boilers.  
(2) Mediating physical process: Reduced onsite combustion of fossil carbon; heat is produced via combustion of biogenic feedstocks (or biomass-derived fuels), with lifecycle emissions depending on feedstock sourcing, processing, and regrowth dynamics.  
(3) Climate-relevant outcome: Lower net CO₂e emissions from building/stationary energy use (and potentially lower upstream methane leakage if gas is displaced), contributing to mitigation.",Replacing fossil heating with biomass boilers reduces net GHG emissions from stationary heat generation by displacing fossil fuel combustion.,"1) Dominant causal pathway: Fuel switching in heat supply leads to reduced fossil combustion and thus lower GHG emissions.  
2) Why this primary over alternatives: While there may be co-benefits (energy security, local air quality, possible waste utilization), the central climate effect is emissions reduction, not adaptation, resource efficiency (same service with less energy), or ecosystem-based risk reduction.  
3) Edge cases applied: If biomass is unsustainably sourced or has high lifecycle emissions, net mitigation may be smaller or negative; however, the mechanism as stated is explicitly intended to displace fossil heating to reduce emissions, so it remains a mitigation mechanism.  
4) Confirm applies to ALL instances sharing this mechanism: Any policy characterized by “biomass boiler deployment → fossil heating displacement” primarily acts through reducing fossil fuel combustion for heat, i.e., mitigation.  
5) Secondary subtype assignment deferred: Whether the policy is best tagged as renewable heat, municipal operations, district energy, waste-to-energy biomass, or includes sustainability safeguards requires policy-specific evidence and is deferred to policy-level coding.",0.86,"Lifecycle accounting and feedstock sustainability can affect net GHG outcomes (including potential increases if biomass is high-carbon or causes land-use change). Air quality impacts and particulate controls may be material but are not the primary climate pathway. The representative policy text also mentions green space area, which is a separate nature-based mechanism and should not be conflated with the biomass boiler mechanism.",target-setting,direct,direct,"""Key Performance Indicator (KPI)""; ""No. of introduced biomass boilers in the city facilities""; ""cumulative total""; ""3 (FY2020)""; ""9 (FY2030)""; ""Area of park and green spaces""; ""1,000ha (FY2020)""","Potential air-quality/health impacts and energy resilience from biomass boiler deployment; potential urban heat island reduction, recreation/biodiversity, stormwater management from increased parks/green spaces.","Single KPI table mixes mitigation (biomass boilers) with a nature/land-use KPI (parks/green spaces) that could be adaptation and/or mitigation (sequestration/urban cooling). With no accompanying implementation measures, classification is limited to target-setting rather than investment/procurement.",[],True,matched token: 'fossil',True,no typology code,,,,,,,,
25,individual,individual,energy_supply,Chapter 5: Promotion of counteractions against global warming (Mitigation) > ◆ Cross-sectional measures > ◇ Key Performance Indicator (KPI),Hiroshima City sets KPIs for cross-sectional measures: dispersed power introductions in city facilities (1 by FY2020; 8 by FY2030) and smart communities introduced (3 by FY2020; 10 by FY2030).,,,"## ◇ Key Performance Indicator (KPI)

| Introduction no. of dispersed power in the city facilities (cumulative total) | 0 (FY2016) | 1 | 8 |
| Introduction no. of smart communities (cumulative total) | 1 (FY2016) | 3 | 10 |",Quantified implementation KPIs for smart energy/community systems.,Hiroshima_Japan,No vulnerability context provided,Hiroshima_Japan::0bb3d74408ffa0948996758d,Hiroshima_Japan::0bb3d74408ffa0948996758d,False,False,distributed_energy_and_smart_community_deployment → fossil_generation_displacement,"The city sets KPIs to introduce dispersed power in city facilities and to introduce smart communities, supporting distributed and smarter energy systems that displace fossil-based electricity generation.",None,0.0,None,None,,guide_secondary_typology_v1,policy_text_evidence_gated,explicit_self,no,Mitigation,Distributed energy + smart energy management → ↓ fossil electricity generation → ↓ CO₂/CH₄ emissions → ↓ atmospheric forcing,"(1) Change in human activity/system: The city deploys distributed power resources (e.g., on-site renewables, CHP, storage) in facilities and implements “smart community” systems (monitoring, controls, demand response, microgrids) to manage local generation and load.  
(2) Mediating physical process: Increased local low/zero-carbon generation and optimized dispatch/load shifting reduce net electricity drawn from fossil-dominated generators and can reduce curtailment/inefficiencies.  
(3) Climate-relevant outcome: Lower lifecycle GHG emissions from the power sector due to avoided fossil fuel combustion for electricity supply (and potentially reduced peak fossil generation).",Deploying distributed/smart community energy systems most strongly reduces GHG emissions by displacing fossil-fuel electricity generation with lower-carbon local generation and optimized operation.,"1) Dominant causal pathway: Distributed/smart energy systems → reduced fossil generation → reduced GHG emissions.  
2) Why this primary over alternatives: While smart communities can improve energy efficiency (Resource Efficiency) and enhance outage resilience (Adaptation), the defining, largest climate effect across policies in this mechanism is decarbonizing electricity supply via fossil displacement.  
3) Edge cases applied: If a “smart community” program were purely demand-reduction without changing generation mix, it could lean Resource Efficiency; if focused on islanding for disasters, it could lean Adaptation. However, the canonical mechanism explicitly includes fossil generation displacement via distributed energy deployment, keeping Mitigation primary.  
4) Applicability to ALL instances: Any policy that fits this mechanism—deployment of distributed energy and smart-community energy systems intended to displace fossil electricity—shares the same primary mitigation pathway.  
5) Secondary subtype deferral: Whether a specific policy instance is primarily solar PV, CHP, storage-enabled peak shaving, demand response, or resilience microgrids (and the magnitude of co-benefits) must be assigned based on policy-level evidence and is deferred.",0.84,"Smart-community initiatives can be implemented for resilience (islanding, critical loads) or efficiency (demand management) without clear fossil displacement; classification should remain Mitigation only when the program materially reduces fossil generation/emissions as part of the mechanism definition.",target-setting,enabling,direct,“Key Performance Indicator (KPI)”; “Introduction no. of dispersed power in the city facilities”; “Introduction no. of smart communities”; “(cumulative total)”; “FY2020”; “FY2030”,Energy resilience/reliability and potential cost savings from local generation and smarter demand management,"“Dispersed power” could include non-renewable distributed generation (e.g., gas CHP), but in the assigned mitigation pathway it is treated as lowering net fossil electricity and emissions; the text itself provides counts/targets only, not technology mix or implementation instrument.",[],True,matched token: 'fossil',True,no typology code,,,,,,,,
28,individual,individual,governance,Chapter 7: Government operations > 3. Reduction target,"For government operations, Hiroshima City sets targets to reduce greenhouse gas emissions by FY2020 by 5% in the city area and 5.1% for the city office (vs FY2013), and by FY2030 by 30% for both city area and city office (vs FY2013).",,,"## 3. Reduction target

| ... | Base Year | Target Year | City area | City office |
| Short-term target | FY2013 | FY2020 | ▲ 5% | ▲ 5.1% |
| Mid-term target | FY2013 | FY2030 | ▲ 30% | ▲ 30% |",Quantified emissions reduction targets for municipal operations with specified years.,Hiroshima_Japan,No vulnerability context provided,Hiroshima_Japan::bee05996a5db3cc84c07e17c,Hiroshima_Japan::bee05996a5db3cc84c07e17c,False,False,economy_wide_ghg_target → emissions_reduction_pathway,The city sets greenhouse gas reduction targets for the city area and city office to guide actions that reduce emissions over time.,None,0.0,None,None,"evidence quote missing one of: [efficien, kwh, kw·h, per capita, ...]; evidence quote missing secondary subtype token: [efficien, kwh, kw·h, per capita, ...]",guide_secondary_typology_v1,policy_text_evidence_gated,explicit_self,no,Mitigation,Policy target-setting + governance → cross-sector decarbonization actions → ↓ GHG emissions → ↓ atmospheric forcing,"(1) Change in human activity/system: The city adopts a binding or guiding community-wide emissions target (e.g., % reduction by a year, net-zero), aligning planning, budgeting, regulations, and investments across energy, buildings, transport, waste, and industry.  
(2) Mediating physical process: Reduced combustion of fossil fuels, improved energy efficiency, fuel switching/electrification, methane reductions, and other sector measures lower the mass flow of GHGs released to the atmosphere.  
(3) Climate-relevant outcome: Lower community-wide GHG emissions (CO₂e) leading to reduced cumulative atmospheric GHG concentrations and reduced radiative forcing over time.",The single biggest climate-relevant effect of policies using this mechanism is achieving economy-wide reductions in greenhouse gas emissions (often to net-zero) across major sectors.,"1) Dominant causal pathway: The mechanism’s central function is to set an economy-wide emissions outcome that triggers and coordinates decarbonization measures, yielding ↓ GHG emissions.  
2) Why this primary over alternatives: While targets can indirectly improve efficiency or resilience, their defining and largest intended climate effect is emissions mitigation at the community scale, not adaptation (hazard/exposure reduction), not resource efficiency as an end in itself, and not ecosystem-based carbon sequestration as the primary lever.  
3) Edge cases applied: Some targets include “net-zero” via offsets or land-sector sinks; even then, the dominant climate-relevant purpose remains achieving net emissions reductions/neutrality (mitigation). If a document is purely aspirational with no implementation linkage, it is still categorized by intended dominant pathway (mitigation).  
4) Confirm applies to ALL instances: Any policy that sets a community-wide GHG reduction or net-zero target shares the same primary mechanism—economy-wide emissions reduction—regardless of sector mix or local context.  
5) Secondary subtype deferred: Whether delivery relies more on efficiency, electrification, renewables, waste methane controls, offsets, or nature-based sinks requires policy-specific evidence and is deferred to policy-level classification.",0.93,"Targets framed mainly as “climate neutrality” can be met with offsets or external credits; classification remains Mitigation, but downstream interpretation should note whether reductions are in-boundary vs. compensated. Targets limited to municipal operations (not community-wide) would be a different mechanism and should not be conflated.",target-setting,enabling,direct,"""Reduction target""; ""Base Year FY2013""; ""Target Year FY2020""; ""Target Year FY2030""; ""City area ▲ 5% / ▲ 30%""; ""City office ▲ 5.1% / ▲ 30%""; ""reduce greenhouse gas emissions""",None,Targets are presented without explicit legal/binding status or accompanying implementation measures; classified as target-setting (enabling) rather than a regulatory mandate or investment.,[],True,matched token: 'ghg',True,no typology code,,,,,,,,
